roi,r0,std_gt,std_rec,slope,intercept,R2,NRMSE,best_lag_TR,r_at_best_lag
0,0.6454112802421798,1.0,0.6653550267219543,0.970025360584259,-0.012599712237715721,0.4165557622909546,0.7638351917266846,0,0.6454112802421798
1,0.4374894987197646,0.9999999403953552,0.35460150241851807,1.2337496280670166,0.002202541334554553,0.19139695167541504,0.8992236256599426,0,0.4374894987197646
2,0.02781442599691183,1.0,0.4736498296260834,0.05872361361980438,-0.0006252512685023248,0.0007737278938293457,0.9996130466461182,2,0.4799576499407764
3,0.7277340979274559,1.0,0.6472365856170654,1.12437105178833,-0.031681668013334274,0.5295969247817993,0.6858593821525574,0,0.7277340979274559
4,0.17937563288317027,1.0000001192092896,0.5742893815040588,0.31234362721443176,-0.009073058143258095,0.03217560052871704,0.9837806224822998,2,0.21874773684058305
5,-0.07913021282965804,0.9999999403953552,0.5530714988708496,-0.14307411015033722,0.006082430947571993,0.006261467933654785,0.996864378452301,-3,0.1466819559724867
6,0.06797848692287041,1.0,0.3382833003997803,0.20095135271549225,-0.008418907411396503,0.004621148109436035,0.9976867437362671,-2,0.2642046426098497
7,-0.052880898340762955,0.9999998211860657,0.5896731615066528,-0.0896783098578453,-0.000790812133345753,0.0027962923049926758,0.998600959777832,2,0.29120436514456494
8,-0.30175531051582655,1.0000001192092896,0.520983874797821,-0.5792028307914734,-0.011517268605530262,0.09105634689331055,0.9533853530883789,3,0.3520212418911022
9,0.05843629008826173,0.9999999403953552,0.2368481606245041,0.2467247098684311,0.0010921936482191086,0.003414630889892578,0.9982912540435791,-3,0.21995241500848364
10,-0.0033054774543304242,0.9999999403953552,0.24957188963890076,-0.01324459072202444,-0.0002032289485214278,1.0848045349121094e-05,0.9999945759773254,2,0.18436330883713295
11,-0.33278898102788285,1.0000001192092896,0.21238180994987488,-1.5669374465942383,-0.042043764144182205,0.1107485294342041,0.9430012702941895,2,0.32407804760504083
12,-0.11945070959607697,1.0,0.45050331950187683,-0.26514947414398193,0.0004683913430199027,0.01426851749420166,0.9928401112556458,-3,0.12891399608571655
13,0.27815575505115414,1.0,0.39664092659950256,0.7012785077095032,-0.038584426045417786,0.07737070322036743,0.960536003112793,-1,0.43756250154298787
14,0.5264102902452851,1.0,0.5465835332870483,0.963092029094696,-0.01569802314043045,0.2771078944206238,0.8502306342124939,1,0.5485125068382577
15,0.28609488448538917,1.0,0.33544260263442993,0.8528878092765808,-0.005648357793688774,0.08185034990310669,0.9582013487815857,0,0.28609488448538917
16,0.03008948811007419,1.0,0.4193365275859833,0.07175499200820923,-0.001387988799251616,0.0009055137634277344,0.9995471239089966,-3,0.1765470607245169
17,0.21580475502814583,0.9999999403953552,0.3001416325569153,0.7190097570419312,-0.03358323499560356,0.04657161235809326,0.9764365553855896,2,0.380105644243802
18,-0.0099548806413003,1.0,0.26091691851615906,-0.03815344721078873,0.00031938005122356117,9.906291961669922e-05,0.9999504685401917,-1,0.039638137566604684
19,0.12285504154202803,1.0,0.28765279054641724,0.42709487676620483,-0.0045961965806782246,0.015093326568603516,0.9924246668815613,-3,0.4503252956436341
20,-0.35452967811535474,1.0000001192092896,0.18820789456367493,-1.8837130069732666,0.02133795991539955,0.12569141387939453,0.9350446462631226,3,0.10073460145977185
21,-0.2650739791888204,0.9999999403953552,0.289767324924469,-0.9147821068763733,0.038146767765283585,0.07026416063308716,0.9642281532287598,-3,0.3076127920559784
22,0.26309833067732613,1.0,0.3398662507534027,0.7741231322288513,0.0020761447958648205,0.06922072172164917,0.9647690653800964,2,0.4320434289358527
23,-0.01689561807513616,1.0,0.25944942235946655,-0.06512104719877243,0.0011690726969391108,0.0002855062484741211,0.9998572468757629,2,0.09600184013459874
24,0.12641015415389137,0.9999999403953552,0.3287341296672821,0.38453614711761475,0.002318216720595956,0.015979409217834473,0.9919781684875488,1,0.32662198031968775
25,-0.048585309552660744,1.0,0.32880595326423645,-0.14776286482810974,-0.0004999372758902609,0.002360522747039795,0.9988190531730652,-3,0.24920504369901156
26,0.42585140889170725,1.0,0.49558937549591064,0.8592827916145325,-0.018366936594247818,0.18134933710098267,0.9047932028770447,-1,0.485752246074984
27,-0.3246176822045779,1.0,0.32841256260871887,-0.9884446859359741,-0.006304532289505005,0.10537654161453247,0.945845365524292,-3,0.268778947554228
28,0.16285172475342424,1.0,0.4700237214565277,0.3464755117893219,-0.007263852749019861,0.026520729064941406,0.9866505265235901,1,0.41822791839616574
29,0.3880081231925701,1.0,0.5068838596343994,0.7654773592948914,-0.0076958294957876205,0.15055036544799805,0.9216558933258057,0,0.3880081231925701
30,0.7654701117078602,1.0,0.5765712857246399,1.3276244401931763,-0.03129207715392113,0.5859445333480835,0.6434714198112488,0,0.7654701117078602
31,0.5196944521512985,0.9999999403953552,0.4140104353427887,1.255268931388855,-0.07465219497680664,0.2700822949409485,0.8543522357940674,-1,0.6865211497811444
32,0.6834719955000363,1.0,0.35771822929382324,1.910643458366394,-0.05842899531126022,0.4671339988708496,0.7299767136573792,0,0.6834719955000363
33,0.7293497565173309,1.0,0.40374836325645447,1.8064463138580322,-0.09431931376457214,0.5319510698318481,0.6841409802436829,0,0.7293497565173309
34,0.5891406498663689,1.0,0.3160924017429352,1.8638241291046143,-0.022951969876885414,0.3470867872238159,0.8080304265022278,0,0.5891406498663689
35,-0.13079290793325668,0.9999999403953552,0.41567739844322205,-0.3146500587463379,0.0017783474177122116,0.01710665225982666,0.9914097785949707,-2,0.35356583998556
36,0.4192626343761993,1.0,0.5248788595199585,0.7987798452377319,-0.015056814067065716,0.17578113079071045,0.9078649878501892,2,0.5544105336801749
37,0.8115473390612155,0.9999998807907104,0.4376879036426544,1.8541690111160278,-0.0707952231168747,0.6586090326309204,0.5842867493629456,0,0.8115473390612155
38,0.0,0.0,0.4439937174320221,0.0,0.0,1.0,0.0,-3,0.0
39,0.8203006807205515,1.0,0.33565863966941833,2.4438540935516357,-0.034438882023096085,0.6728931665420532,0.5719324946403503,0,0.8203006807205515
40,0.7052610034561702,0.9999999403953552,0.34420162439346313,2.048976182937622,-0.033966489136219025,0.49739307165145874,0.7089477777481079,-1,0.7895963803489935
41,0.0,0.0,0.481444776058197,0.0,0.0,1.0,0.0,-3,0.0
42,-0.17045305725395143,0.9999999403953552,0.3496684730052948,-0.48747044801712036,0.004126465879380703,0.02905416488647461,0.9853658080101013,-3,0.39069849810520185
43,-0.46510223084271846,1.0000001192092896,0.5035330057144165,-0.9236777424812317,-0.0029550972394645214,0.21632015705108643,0.8852569460868835,3,0.4635534590097145
44,-0.41421072804395426,0.9999999403953552,0.5253322720527649,-0.7884736657142639,0.027570560574531555,0.17157059907913208,0.9101809859275818,3,0.4043131268903927
45,-0.031679447296686314,1.0,0.4248510003089905,-0.07456601411104202,0.0018152996199205518,0.001003563404083252,0.9994980692863464,-2,0.10578938248428671
46,0.26273770275420316,1.0,0.435593843460083,0.6031712889671326,-0.0005661239847540855,0.06903105974197388,0.9648672938346863,1,0.27555263715462097
47,0.436481988284526,1.0,0.41660913825035095,1.0477014780044556,-0.029224513098597527,0.1905166506767273,0.8997129797935486,-1,0.4863774000372638
48,0.0,0.0,0.46167054772377014,0.0,0.0,1.0,0.0,-3,0.0
49,-0.28324132188723716,1.0,0.4972602128982544,-0.5696038603782654,0.01661613956093788,0.08022576570510864,0.9590486884117126,-3,0.2819796509365941
50,0.31854223075345744,1.0,0.4790700376033783,0.6649178862571716,0.021926000714302063,0.10146921873092651,0.9479086399078369,0,0.31854223075345744
51,0.2871752230827494,0.9999999403953552,0.4423716366291046,0.6491718292236328,0.0025854473933577538,0.08246958255767822,0.9578781127929688,0,0.2871752230827494
52,-0.11420233212724054,1.0,0.458604097366333,-0.24902161955833435,0.0013515541795641184,0.013042092323303223,0.993457555770874,1,0.11704687453027553
53,0.0,0.0,0.3276732563972473,0.0,0.0,1.0,0.0,-3,0.0
54,0.0,0.0,0.5053764581680298,0.0,0.0,1.0,0.0,-3,0.0
55,0.14506729667320611,1.0,0.2838479280471802,0.5110740065574646,0.0036357438657432795,0.021044433116912842,0.9894218444824219,-1,0.2173363291354891
56,0.5283306221319528,0.9999999403953552,0.3445432186126709,1.5334233045578003,-0.0346614345908165,0.279133141040802,0.84903883934021,-1,0.6445239083866788
57,-0.12637759688955064,0.9999999403953552,0.2084612399339676,-0.6062402129173279,0.02103155478835106,0.01597130298614502,0.9919822216033936,-3,0.5323559254427431
58,0.37960943737619246,1.0,0.182958722114563,2.074836492538452,-0.004173353314399719,0.14410334825515747,0.9251468181610107,-1,0.48797279343003375
59,0.8111911400003305,0.9999998807907104,0.3289504945278168,2.4659976959228516,-0.013450262136757374,0.6580311059951782,0.5847811102867126,0,0.8111911400003305
60,0.08484327257318387,1.0,0.05370074510574341,1.5799273252487183,-0.00966023001819849,0.007198512554168701,0.9963942766189575,0,0.08484327257318387
61,0.3468013964758212,1.0,0.28611132502555847,1.212120532989502,0.020289646461606026,0.12027108669281006,0.9379386305809021,0,0.3468013964758212
62,0.24896878853345605,1.0,0.3446621894836426,0.7223560214042664,-0.0021245076786726713,0.06198549270629883,0.9685114622116089,2,0.4300356333323805
63,0.23765904692796755,1.0,0.07252638041973114,3.2768633365631104,0.03131743520498276,0.05648195743560791,0.9713486433029175,3,0.38823819786740693
64,0.0,0.0,0.017702776938676834,0.0,0.0,1.0,0.0,-3,0.0
65,0.4654550208465372,1.0,0.03733976557850838,12.465396881103516,0.07928454130887985,0.21664845943450928,0.8850715160369873,0,0.4654550208465372
66,-0.06056393290443274,1.0,0.2776733934879303,-0.21811211109161377,-0.0005453287740238011,0.0036679506301879883,0.9981643557548523,-2,0.4608419537040492
67,0.23279335703647044,0.9999999403953552,0.3666696846485138,0.6348857283592224,-0.0067692408338189125,0.05419266223907471,0.9725263118743896,1,0.27450018480297406
68,0.4548025051178851,1.0,0.20328448712825775,2.237271308898926,0.019260739907622337,0.20684540271759033,0.8905922770500183,-1,0.47271264657005635
69,0.004297323095975801,1.0,0.33173006772994995,0.01295427605509758,3.0705145945830736e-06,1.8715858459472656e-05,0.999990701675415,2,0.05760068337872639
70,0.023178743527152334,1.0,0.24103274941444397,0.0961642935872078,0.0008427909342572093,0.0005372166633605957,0.9997313618659973,-3,0.25129226470763943
71,0.3647138298784305,0.9999999403953552,0.058330778032541275,6.252511024475098,0.024555232375860214,0.13301622867584229,0.9311196804046631,-1,0.49729700666324794
72,-0.001727151864698425,1.0000001192092896,0.3460470139980316,-0.004991090856492519,2.2717154024576303e-06,3.159046173095703e-06,0.9999983906745911,-1,0.21019785098631805
73,0.055065058277107067,1.0,0.2934678792953491,0.18763571977615356,0.0003410862118471414,0.0030323266983032227,0.9984827041625977,2,0.4817568391519096
74,-0.023586974571624182,1.0,0.14025506377220154,-0.16817200183868408,-0.0026377348694950342,0.0005562901496887207,0.9997218251228333,1,0.07032206586361077
75,0.0461510393574044,1.0,0.06364437192678452,0.725139319896698,0.0017092677298933268,0.0021297335624694824,0.9989345669746399,-1,0.18590938619188213
76,0.3641613433048389,1.0,0.08403224498033524,4.333590507507324,-0.009678550995886326,0.1326136589050293,0.9313358664512634,-1,0.40445780292887845
77,0.35525370911709653,0.9999998807907104,0.3608446419239044,0.9845060110092163,-0.0008149471250362694,0.12620508670806885,0.9347699880599976,2,0.5317875356295364
78,0.5424672140885983,1.0,0.3338315486907959,1.6249728202819824,-0.02654038928449154,0.29427075386047363,0.8400769829750061,0,0.5424672140885983
79,0.32555436173332575,0.9999998807907104,0.32860061526298523,0.990729570388794,0.005132586229592562,0.10598546266555786,0.9455234408378601,1,0.3278727267953176
80,0.26636749356046646,1.0,0.23879730701446533,1.1154544353485107,0.0015162320341914892,0.07095164060592651,0.9638715982437134,-1,0.3359066339764043
81,0.2572958288231165,1.0,0.13356895744800568,1.9263145923614502,0.02566542662680149,0.0662010908126831,0.966332733631134,-2,0.3864364548023034
82,-0.3320215770283827,0.9999999403953552,0.23896059393882751,-1.3894405364990234,-0.004663499072194099,0.11023819446563721,0.9432718753814697,-2,0.13446855497379023
83,-0.11749966792279051,1.0,0.2565998435020447,-0.45791009068489075,0.0036221162881702185,0.013806164264678955,0.9930729269981384,3,0.0626892453065603
84,0.7030395690170851,1.0,0.13850463926792145,5.075927734375,0.07481105625629425,0.4942646622657776,0.7111507654190063,-1,0.7071692030329152
85,0.11154156336373011,1.0,0.1799110472202301,0.6199817657470703,0.00636799493804574,0.012441635131835938,0.9937596917152405,-3,0.4392881643535331
86,0.2881450233513783,1.0,0.1507338583469391,1.9116146564483643,-0.006568143609911203,0.08302748203277588,0.9575868248939514,-3,0.5102912573388102
87,0.0,0.0,5.3927187764202245e-06,0.0,0.0,1.0,0.0,-3,0.0
88,0.0,0.0,0.03626781702041626,0.0,0.0,1.0,0.0,-3,0.0
89,0.0,0.0,5.392036200646544e-06,0.0,0.0,1.0,0.0,-3,0.0
90,0.0,0.0,0.0399068221449852,0.0,0.0,1.0,0.0,-3,0.0
91,0.0,0.0,5.391247668740107e-06,0.0,0.0,1.0,0.0,-3,0.0
92,0.0,0.0,5.391582362790359e-06,0.0,0.0,1.0,0.0,-3,0.0
93,0.2629851821288023,1.0,0.025995858013629913,10.116426467895508,0.11525362730026245,0.06916111707687378,0.9647999405860901,0,0.2629851821288023
94,-0.3852496101015434,1.0000001192092896,0.3301016688346863,-1.167063593864441,0.024798639118671417,0.14841747283935547,0.922812283039093,3,0.2403816939383025
95,-0.2519404758192054,1.0,0.3320249617099762,-0.7587997913360596,0.01572701707482338,0.06347388029098511,0.9677428007125854,3,0.5895367545275778
96,-0.05483112559994466,1.0,0.24149620532989502,-0.22704757750034332,-0.0004895550082437694,0.003006458282470703,0.9984956383705139,2,0.26866870281187083
97,-0.08554518880494054,1.0,0.3263862133026123,-0.2620980441570282,0.0006829958292655647,0.00731813907623291,0.9963341951370239,1,0.12278293511175153
98,0.4362757011613991,0.9999999403953552,0.28036415576934814,1.5561035871505737,0.028499318286776543,0.19033652544021606,0.8998130559921265,0,0.4362757011613991
99,0.03288122011699073,1.0,0.36356121301651,0.09044205397367477,0.0018087272765114903,0.0010812878608703613,0.9994592070579529,-1,0.18707936129363267
100,0.6209163900548829,1.0000001192092896,0.27564820647239685,2.252568244934082,0.008463907986879349,0.38553714752197266,0.7838767766952515,1,0.6960312386682959
101,0.5031903892716798,1.0,0.2940537631511688,1.7112188339233398,-0.019874874502420425,0.2532006502151489,0.86417555809021,0,0.5031903892716798
102,0.21904913885181165,1.0,0.24049018323421478,0.9108444452285767,0.003061607014387846,0.04798239469528198,0.9757139086723328,0,0.21904913885181165
103,0.6866483363150933,0.9999999403953552,0.36234936118125916,1.8949897289276123,0.03163276985287666,0.4714859127998352,0.72698974609375,0,0.6866483363150933
104,0.32633499749124645,1.0,0.3194889426231384,1.0214282274246216,-0.0010851859115064144,0.1064947247505188,0.9452540874481201,1,0.46004086503057473
105,0.8355665589595848,1.0,0.3195652365684509,2.6146979331970215,-0.03847882151603699,0.6981714367866516,0.5493892431259155,0,0.8355665589595848
106,0.4597463898214634,0.9999998807907104,0.1744874268770218,2.6348395347595215,0.019497957080602646,0.21136659383773804,0.888050377368927,-1,0.6330775777530484
107,0.4286206663449402,1.0,0.2290424406528473,1.87135910987854,0.020969675853848457,0.18371564149856567,0.903484582901001,-1,0.6415110438839919
108,0.45196325121043535,1.0,0.22096499800682068,2.0454065799713135,-0.020805465057492256,0.2042708396911621,0.8920366168022156,-1,0.6138501508141885
109,0.2368494696884552,1.0,0.02887566015124321,8.202390670776367,0.005284379702061415,0.05609768629074097,0.9715463519096375,0,0.2368494696884552
110,0.30188534115907995,1.0,0.12712058424949646,2.3747951984405518,-0.015385165810585022,0.09113472700119019,0.9533442854881287,-1,0.3481016088694724
111,0.22626289212809544,1.0,0.14971362054347992,1.5113046169281006,0.003302276600152254,0.051194846630096436,0.9740663170814514,-1,0.25592290666128653
112,0.3890047512830627,1.0,0.23532520234584808,1.653051733970642,-0.0012680180370807648,0.15132474899291992,0.9212357997894287,-1,0.4964917766928155
113,0.08080868939194068,0.9999999403953552,0.1880096197128296,0.4298114776611328,6.563521310454234e-05,0.00652998685836792,0.9967296719551086,-2,0.426978996129129
114,0.7803376113338748,1.0,0.2906494140625,2.684807300567627,0.046033117920160294,0.6089268326759338,0.6253584027290344,0,0.7803376113338748
115,-0.4846038593430937,1.0,0.3565409779548645,-1.3591814041137695,-0.023172572255134583,0.23484086990356445,0.8747337460517883,-3,0.455026156970012
116,0.13249181355974662,1.0,0.300567090511322,0.440806120634079,-0.001607344951480627,0.017554163932800293,0.9911841154098511,-1,0.3231331209135943
117,0.0,0.0,5.39161374035757e-06,0.0,0.0,1.0,0.0,-3,0.0
118,0.5672887468568524,1.0,0.1698441207408905,3.340055227279663,-0.10887597501277924,0.3218165636062622,0.8235189318656921,0,0.5672887468568524
119,-0.09483403180464058,0.9999998807907104,0.18212422728538513,-0.5207106471061707,0.010785847902297974,0.008993327617645264,0.9954932332038879,3,0.0630103761192918
120,0.4186781153145242,1.0,0.3441234827041626,1.2166508436203003,-0.017394738271832466,0.17529135942459106,0.9081346988677979,1,0.46229741652994416
121,0.0,0.0,5.39209077032865e-06,0.0,0.0,1.0,0.0,-3,0.0
122,0.11192577694499964,1.0,0.02723507583141327,4.109618663787842,-0.00023314454301726073,0.0125274658203125,0.9937165379524231,-3,0.3684830306403036
123,0.505686501248972,1.0,0.2791622281074524,1.8114430904388428,0.016476156190037727,0.25571882724761963,0.86271733045578,1,0.5385196225480442
124,0.06679305890763788,1.0,0.1986524909734726,0.33623069524765015,0.006542462855577469,0.004461169242858887,0.99776691198349,1,0.2700626767617304
125,0.7461912866731335,0.9999999403953552,0.13854987919330597,5.385723114013672,-0.17643392086029053,0.556801438331604,0.6657316088676453,0,0.7461912866731335
126,0.04744263967269994,0.9999999403953552,0.09901516139507294,0.4791451692581177,-0.0035722171887755394,0.0022507905960083008,0.9988740086555481,3,0.4035649213086395
127,0.2661866561013067,1.0,0.16185632348060608,1.6445860862731934,0.0029673813842236996,0.07085543870925903,0.9639214277267456,-1,0.42557365592654656
128,0.35938348542610116,1.0000001192092896,0.2561720311641693,1.4028990268707275,0.005867441184818745,0.1291564702987671,0.9331899285316467,0,0.35938348542610116
129,0.594813717378995,1.0,0.13670772314071655,4.350987911224365,0.01803748495876789,0.3538033962249756,0.803863525390625,1,0.6126752050189944
130,0.0,0.0,5.389503257902106e-06,0.0,0.0,1.0,0.0,-3,0.0
131,-0.2021099325406017,1.0,0.029020169749855995,-6.964463710784912,0.07753525674343109,0.04084855318069458,0.9793627858161926,3,-0.036527972643987536
132,0.3012568686282532,0.9999999403953552,0.17584940791130066,1.7131524085998535,-0.02947704866528511,0.0907556414604187,0.9535430669784546,0,0.3012568686282532
133,0.30522206700599086,1.0,0.045046351850032806,6.775733470916748,-0.06930182129144669,0.09316068887710571,0.95228111743927,0,0.30522206700599086
134,-0.2923472172073392,1.0,0.1375407725572586,-2.1255314350128174,0.03591739758849144,0.08546704053878784,0.9563121795654297,-3,0.14770759310615117
135,0.5887605984589624,1.0,0.2523754835128784,2.3328754901885986,-0.07641014456748962,0.3466389775276184,0.8083075284957886,-1,0.6452010548730354
136,0.416737891433993,1.0,0.3426135182380676,1.2163498401641846,-0.022186625748872757,0.17367058992385864,0.9090266227722168,1,0.48164229677252274
137,0.19062272902103095,1.0,0.4327861964702606,0.44045472145080566,-0.015614000149071217,0.036337196826934814,0.9816632866859436,2,0.335321773125875
138,0.5675137264312019,1.0,0.3550584018230438,1.5983673334121704,0.0004328075156081468,0.32207179069519043,0.8233639597892761,1,0.638348608539002
139,0.21361092869031564,0.9999999403953552,0.33030298352241516,0.6467120051383972,-0.0032868622802197933,0.04562950134277344,0.9769188761711121,2,0.5572945344641005
140,0.26052058941773326,1.0,0.3682864308357239,0.7073858380317688,0.00479954993352294,0.06787091493606567,0.9654683470726013,1,0.5408140691619079
141,0.5828585725202563,1.0,0.4825455844402313,1.2078828811645508,-0.010722863487899303,0.33972418308258057,0.8125736117362976,1,0.6124219057763122
142,0.40806107950618925,1.0,0.4412029981613159,0.9248828887939453,0.0004731483932118863,0.16651380062103271,0.9129546880722046,0,0.40806107950618925
143,0.2486529594102437,1.0,0.32600370049476624,0.7627304792404175,0.013708719052374363,0.06182831525802612,0.968592643737793,-1,0.466258236069115
144,-0.11768468040372286,1.0,0.3634013235569,-0.3238421678543091,0.004271619021892548,0.013849735260009766,0.9930509924888611,2,0.1600024631165935
145,0.5644722175099712,1.0000001192092896,0.33653590083122253,1.6773017644882202,-0.028646206483244896,0.3186289072036743,0.8254520297050476,0,0.5644722175099712
146,-0.3239618941651704,1.0000001192092896,0.24238714575767517,-1.3365472555160522,0.0020844992250204086,0.10495144128799438,0.9460700154304504,3,0.3717191827858692
147,0.25600071455631873,1.0,0.3647264540195465,0.701897919178009,0.017969340085983276,0.06553637981414795,0.9666765928268433,0,0.25600071455631873
148,-0.17281489485339377,1.0,0.5001235008239746,-0.3455444574356079,-0.0034201722592115402,0.0298650860786438,0.984954297542572,-2,0.15839069399880518
149,0.12865739754449534,1.0,0.45738667249679565,0.2812880575656891,0.001960697351023555,0.016552627086639404,0.991689145565033,2,0.3920184437639702
150,-0.4583478677122609,1.0,0.4043327271938324,-1.133590817451477,0.003931776620447636,0.21008282899856567,0.8887728452682495,-3,0.5239898904738503
151,-0.21195629083630113,0.9999999403953552,0.31621506810188293,-0.670291543006897,-0.00020492072508204728,0.04492539167404175,0.9772791862487793,-3,0.36005634388379004
152,0.25272714485526115,1.0,0.34075406193733215,0.7416703104972839,-0.027442416176199913,0.06387096643447876,0.9675376415252686,1,0.34555017496613094
153,0.14179092974314148,0.9999998807907104,0.31277698278427124,0.4533291459083557,-0.016671564429998398,0.020104587078094482,0.9898967146873474,1,0.20079960963748553
154,-0.2520595505735789,1.0000001192092896,0.11053504049777985,-2.2803587913513184,0.029771441593766212,0.06353425979614258,0.9677115678787231,-2,0.2452782349667067
155,-0.09041704400607506,1.0,0.34690481424331665,-0.26063936948776245,0.0075952946208417416,0.008175373077392578,0.9959039688110352,-3,0.4311880416778864
156,0.4531444543237857,0.9999999403953552,0.42671462893486023,1.061937928199768,-0.028782591223716736,0.20533990859985352,0.8914371132850647,1,0.5270213103051384
157,-0.17164291154614367,1.0,0.33562639355659485,-0.511410653591156,0.003946998156607151,0.029461383819580078,0.9851592183113098,-3,0.438941568094977
158,-0.32050095898480035,1.0000001192092896,0.3223947584629059,-0.9941258430480957,-0.0007478861953131855,0.10272091627120972,0.9472481608390808,-3,0.5306684702075343
159,-0.11194758915201423,1.0,0.2687452733516693,-0.4165564775466919,0.011022650636732578,0.012532234191894531,0.9937141537666321,1,0.2886990397661046
160,0.6196845407675905,1.0,0.42382022738456726,1.4621400833129883,0.0038350694812834263,0.3840090036392212,0.7848509550094604,1,0.6823262086197726
161,0.5228823437031717,1.0,0.3397041857242584,1.5392284393310547,-0.02479168027639389,0.2734060287475586,0.8524048328399658,-1,0.5615720377366471
162,0.157071775462484,1.0,0.25874003767967224,0.6070640683174133,-0.018677840009331703,0.024671554565429688,0.9875872731208801,-1,0.16182429667152845
163,-0.21423317609351372,1.0,0.01805131323635578,-11.868011474609375,0.12938357889652252,0.04589587450027466,0.9767826199531555,-3,0.26263246792380424
164,0.0,0.0,0.015990925952792168,0.0,0.0,1.0,0.0,-3,0.0
165,0.0,0.0,5.39371694685542e-06,0.0,0.0,1.0,0.0,-3,0.0
166,0.2733289581522722,1.0,0.299176961183548,0.9136029481887817,-0.009603474289178848,0.07470875978469849,0.9619206786155701,-1,0.3372135422214222
167,0.40818811386280385,0.9999999403953552,0.2710593640804291,1.5058993101119995,-0.028199274092912674,0.1666175127029419,0.9128978848457336,0,0.40818811386280385
168,0.2529819270163948,0.9999999403953552,0.21517246961593628,1.1757169961929321,0.0220305435359478,0.06399977207183838,0.9674710631370544,0,0.2529819270163948
169,0.22668892068281432,1.0,0.09098144620656967,2.4915950298309326,-0.011317115277051926,0.0513879656791687,0.9739671349525452,0,0.22668892068281432
170,0.38287762228027195,1.0,0.08207187801599503,4.665150165557861,0.07280003279447556,0.146595299243927,0.9237990975379944,3,0.4768303601855287
171,0.0,0.0,5.392140792537248e-06,0.0,0.0,1.0,0.0,-3,0.0
172,0.6570286599066251,1.0,0.3637828528881073,1.8061012029647827,0.006192321423441172,0.4316866993904114,0.7538655996322632,-1,0.6728500245307443
173,0.6094768252018063,1.0,0.2827221155166626,2.155745267868042,-0.027134282514452934,0.37146204710006714,0.7928038835525513,0,0.6094768252018063
174,0.314529949742012,1.0,0.26014137268066406,1.2090730667114258,0.011189882643520832,0.09892904758453369,0.9492475986480713,1,0.3593638623741081
175,0.4323954805394368,0.9999999403953552,0.0640249103307724,6.753551006317139,0.018536699935793877,0.18696588277816772,0.901684045791626,0,0.4323954805394368
176,-0.40833165951444583,1.0,0.05265960469841957,-7.754172325134277,0.05452238768339157,0.1667346954345703,0.9128336906433105,-3,0.016192004433223408
177,0.43919252192069125,1.0,0.11426634341478348,3.843585968017578,-0.022128066048026085,0.19289004802703857,0.8983930349349976,0,0.43919252192069125
178,0.4087198493420982,1.0,0.3169861435890198,1.289393424987793,0.019595962017774582,0.16705191135406494,0.9126598834991455,0,0.4087198493420982
179,0.17236003456275234,1.0,0.15926425158977509,1.0822267532348633,0.007206364069133997,0.029707908630371094,0.9850340485572815,-2,0.7322362596931865
180,0.8172007954190371,1.0,0.583344042301178,1.4008899927139282,-0.03605002909898758,0.6678171157836914,0.5763530731201172,0,0.8172007954190371
181,0.3005577685961867,1.0,0.3294452428817749,0.9123148322105408,0.006567633245140314,0.09033501148223877,0.9537636041641235,0,0.3005577685961867
182,0.405932595469011,0.9999999403953552,0.43744274973869324,0.927967369556427,0.0011561668943613768,0.16478127241134644,0.913902997970581,1,0.5821173924577112
183,0.7209827581201108,1.0,0.6163837313652039,1.169697880744934,-0.027036139741539955,0.5198161602020264,0.6929530501365662,-1,0.8209194991974037
184,0.2739239551821939,0.9999999403953552,0.5652766823768616,0.4845838248729706,-0.01857367716729641,0.07503432035446167,0.9617513418197632,-2,0.4781820188808393
185,0.3892423600838331,1.0,0.5203292369842529,0.7480693459510803,-0.037624701857566833,0.15150964260101318,0.9211353659629822,1,0.599827249561827
186,0.24111887192334225,1.0,0.2159522920846939,1.1165376901626587,-0.04346286505460739,0.058138489723205566,0.9704955816268921,2,0.4269581102080212
187,0.07843211366372853,1.0,0.5813066363334656,0.1349238157272339,0.0018403389258310199,0.006151556968688965,0.9969194531440735,2,0.2467257637268157
188,0.4959546472691735,1.0,0.4876432418823242,1.017044186592102,0.016393465921282768,0.2459709644317627,0.8683484792709351,0,0.4959546472691735
189,0.2053765446792693,1.0,0.32940050959587097,0.6234858632087708,0.021646324545145035,0.04217958450317383,0.9786830544471741,0,0.2053765446792693
190,-0.042117122587291285,0.9999999403953552,0.20313283801078796,-0.20733782649040222,-0.005764367058873177,0.0017739534378051758,0.9991126656532288,1,0.5917290856694589
191,-0.01236322268373289,1.0,0.19924217462539673,-0.062051236629486084,-0.0021256236359477043,0.00015288591384887695,0.999923586845398,-1,0.06861309237616431
192,-0.0010775989076634062,1.0,0.37161505222320557,-0.002899772021919489,2.8646756618400104e-05,1.2516975402832031e-06,0.9999993443489075,-2,0.6829062227867155
193,0.4180499924658373,0.9999999403953552,0.35581669211387634,1.1749027967453003,-0.04059331491589546,0.1747657060623169,0.9084240794181824,0,0.4180499924658373
194,0.4819935746182901,0.9999999403953552,0.5042366981506348,0.9558874368667603,-0.009858950972557068,0.23231768608093262,0.876174807548523,1,0.6034601693512435
195,-0.3206264739267357,0.9999999403953552,0.25382867455482483,-1.2631609439849854,0.0008234757115133107,0.10280126333236694,0.9472057819366455,3,0.5022649788788796
196,-0.017665421767102406,0.9999999403953552,0.3758399486541748,-0.047002509236335754,-0.00029247975908219814,0.0003120303153991699,0.999843955039978,2,0.3684643702667757
197,0.2776561069601316,1.0,0.2696361839771271,1.0297435522079468,-0.03857361897826195,0.07709294557571411,0.9606805443763733,-1,0.5508197004381332
198,0.0006503857464762489,1.0,0.307417094707489,0.0021156459115445614,3.1920844776323065e-05,3.5762786865234375e-07,0.9999998211860657,2,0.32486735216261264
199,-0.006944514225003409,1.0,0.25809088349342346,-0.026907242834568024,-0.0002086769964080304,4.8279762268066406e-05,0.999975860118866,-3,0.5449120784161622
200,0.06294265634930853,1.0,0.20504772663116455,0.3069658577442169,-0.0065448530949652195,0.0039618611335754395,0.9980171918869019,2,0.35465289867353084
201,0.45065173003566167,1.0,0.22997167706489563,1.9595965147018433,-0.03656177222728729,0.2030869722366333,0.8926998376846313,1,0.4557356200012452
202,0.004804458021807882,1.0,0.21163134276866913,0.022702015936374664,0.0002343973028473556,2.3066997528076172e-05,0.9999884366989136,2,0.20490347169700035
203,0.45148648817693965,0.9999999403953552,0.23493511974811554,1.9217497110366821,-0.02688729763031006,0.20384001731872559,0.8922779560089111,0,0.45148648817693965
204,0.2010175749003045,1.0000001192092896,0.2493901550769806,0.8060365319252014,0.017090467736124992,0.040408313274383545,0.9795874953269958,2,0.34063969414647655
205,-0.11621431008555692,0.9999999403953552,0.3576706051826477,-0.3249199390411377,0.001607973244972527,0.013505756855010986,0.9932242035865784,2,0.22447078448625557
206,0.2920348978313196,1.0,0.3366718888282776,0.8674169182777405,-0.012004319578409195,0.08528435230255127,0.9564076662063599,1,0.5057066247212628
207,0.15293529897929223,1.0,0.17815189063549042,0.8584545254707336,-0.005571897141635418,0.023389160633087158,0.9882362484931946,3,0.4365541977338304
208,0.4131000971203061,1.0,0.3997443616390228,1.0334107875823975,-0.007562503218650818,0.17065173387527466,0.9106855988502502,0,0.4131000971203061
209,0.6365262045784199,1.0,0.434283584356308,1.4656925201416016,-0.025248512625694275,0.4051656126976013,0.7712550759315491,1,0.7743747056393303
210,0.47457788915240434,1.0,0.40121617913246155,1.1828484535217285,-0.01511362660676241,0.22522413730621338,0.8802135586738586,-1,0.6282506314244796
211,0.3638864873678613,1.0,0.290169894695282,1.2540463209152222,-0.03498588129878044,0.13241326808929443,0.9314433336257935,-1,0.48746084059934186
212,0.6199618919689315,1.0,0.3222965896129608,1.9235756397247314,-0.029098957777023315,0.38435274362564087,0.7846319079399109,0,0.6199618919689315
213,0.4937261710216065,1.0,0.3990333080291748,1.2373056411743164,-0.032230302691459656,0.2437654733657837,0.8696174621582031,-1,0.5716990393472002
214,0.37995008560774957,1.0,0.23269495368003845,1.6328247785568237,-0.01928609237074852,0.14436209201812744,0.9250069856643677,0,0.37995008560774957
215,0.3597054086512681,1.0,0.3316189646720886,1.0846948623657227,-0.007133369334042072,0.1293879747390747,0.9330659508705139,0,0.3597054086512681
216,0.7063751794217508,0.9999998807907104,0.48272818326950073,1.463297963142395,-0.011219832114875317,0.498965859413147,0.7078376412391663,0,0.7063751794217508
217,0.8519015887591137,0.9999999403953552,0.37577101588249207,2.2670764923095703,-0.03103063814342022,0.7257362604141235,0.5237019658088684,0,0.8519015887591137
218,0.0,0.0,0.4189317524433136,0.0,0.0,1.0,0.0,-3,0.0
219,0.6900715773107892,0.9999999403953552,0.40329885482788086,1.7110674381256104,-0.013854618184268475,0.4761987328529358,0.7237411737442017,1,0.8408843552524076
220,0.757200300798775,1.0,0.30121588706970215,2.51381254196167,-0.020503735169768333,0.5733522772789001,0.6531828045845032,0,0.757200300798775
221,0.45815977890019893,1.0,0.44359710812568665,1.0328285694122314,0.01878776028752327,0.20991045236587524,0.8888698220252991,0,0.45815977890019893
222,0.4074200265753647,1.0,0.38959696888923645,1.0457475185394287,-0.012238305062055588,0.16599100828170776,0.913240909576416,-1,0.6041633745677847
223,-0.09006131181285865,1.0,0.4047013521194458,-0.22253769636154175,-0.003607920603826642,0.008111178874969482,0.9959361553192139,2,0.30895794180614394
224,0.15631610169779234,1.0,0.4680197238922119,0.33399471640586853,0.0019484503427520394,0.02443486452102661,0.9877070188522339,2,0.4423346773198503
225,0.03520194561956777,1.0,0.34247106313705444,0.10278809070587158,0.00020276890427339822,0.0012391209602355957,0.9993802309036255,-2,0.15360466142757156
226,0.023893691871927775,0.9999998807907104,0.402651846408844,0.05934082344174385,0.000729696243070066,0.0005708932876586914,0.9997145533561707,3,0.22016232735312927
227,-0.25056443162428116,1.0,0.33406031131744385,-0.7500574588775635,0.004738975316286087,0.0627824068069458,0.9681000113487244,2,0.09165232220450054
228,-0.02812530851894826,0.9999999403953552,0.3366454243659973,-0.08354578167200089,-0.00013204246351961046,0.0007909536361694336,0.9996044635772705,-1,0.00025385853315186346
229,0.010062613594261338,0.9999999403953552,0.27167513966560364,0.0370391346514225,-0.0002962681755889207,0.00010126829147338867,0.9999493360519409,2,0.20385568657962067
230,0.4025738942580316,0.9999999403953552,0.38727080821990967,1.0395152568817139,0.04737473651766777,0.16206568479537964,0.9153875112533569,1,0.6318063025845698
231,0.2691993223348409,1.0,0.5176416635513306,0.5200495719909668,0.005996239837259054,0.0724683403968811,0.9630844593048096,0,0.2691993223348409
232,0.517814963862384,1.0,0.5061241388320923,1.0230987071990967,0.01488207932561636,0.2681322693824768,0.8554927110671997,0,0.517814963862384
233,0.21287778794953707,0.9999998807907104,0.37449294328689575,0.568442702293396,0.010187632404267788,0.04531669616699219,0.9770789742469788,3,0.38770459117016426
234,-0.2808978829284296,0.9999999403953552,0.38564571738243103,-0.7283832430839539,0.0013634137576445937,0.07890349626541138,0.9597377777099609,3,0.32212024351722207
235,0.07567344354539779,0.9999999403953552,0.16224323213100433,0.46641966700553894,0.008532251231372356,0.005726516246795654,0.9971326589584351,3,0.39343141419707994
236,0.7057363096623508,1.0,0.2935923933982849,2.4037961959838867,-0.06922658532857895,0.49806374311447144,0.7084745764732361,0,0.7057363096623508
237,0.39706578029273404,0.9999999403953552,0.18217797577381134,2.179548978805542,-0.012107063084840775,0.15766113996505737,0.9177901744842529,-1,0.5931868596817983
238,0.5432559139071034,0.9999999403953552,0.2340984344482422,2.3206303119659424,-0.004336168523877859,0.29512691497802734,0.8395671844482422,-1,0.5857148347653892
239,0.5407303122236362,0.9999999403953552,0.308395653963089,1.7533655166625977,0.00995312724262476,0.2923892140388489,0.8411960601806641,0,0.5407303122236362
240,0.38618324168661916,1.0,0.09136558324098587,4.226790904998779,0.0624246820807457,0.1491374969482422,0.9224221110343933,2,0.46928471975278496
241,0.6610670402439388,0.9999999403953552,0.30899500846862793,2.1394100189208984,0.03787421062588692,0.43700963258743286,0.7503268718719482,0,0.6610670402439388
242,0.4106443868363496,0.9999999403953552,0.419689416885376,0.9784482717514038,-0.007971609011292458,0.16862881183624268,0.9117956161499023,2,0.5135904167770554
243,0.40363359475402616,0.9999999403953552,0.06737737357616425,5.990640163421631,0.08912727981805801,0.1629199981689453,0.9149207472801208,-3,0.5368539598031895
244,0.0,0.0,0.01655217632651329,0.0,0.0,1.0,0.0,-3,0.0
245,0.0,0.0,5.391655577113852e-06,0.0,0.0,1.0,0.0,-3,0.0
246,0.036957561216786894,0.9999999403953552,0.38373610377311707,0.0963098332285881,0.0020854740869253874,0.0013658404350280762,0.9993168711662292,2,0.4192785746712294
247,0.22445946352067836,1.0,0.43156754970550537,0.5201027393341064,0.005067973863333464,0.050382137298583984,0.9744833707809448,0,0.22445946352067836
248,0.6734482929821395,1.0,0.2066541165113449,3.2588188648223877,0.053351059556007385,0.4535326361656189,0.7392343282699585,0,0.6734482929821395
249,0.32138132317463447,1.0,0.34178462624549866,0.9403035640716553,0.012691127136349678,0.10328608751296997,0.94694983959198,3,0.5305312307356653
250,0.2239041961729521,1.0,0.3501081168651581,0.639528751373291,0.005851594265550375,0.0501331090927124,0.9746111631393433,0,0.2239041961729521
251,0.47501823311560976,1.0,0.06621325016021729,7.174066066741943,-0.11321309208869934,0.22564232349395752,0.8799759745597839,-1,0.5448372217273668
252,0.37743684265077315,1.0,0.41363662481307983,0.9124840497970581,0.013262307271361351,0.1424584984779358,0.9260354042053223,1,0.46572526646133244
253,0.4310353613628809,1.0,0.1646215319633484,2.6183416843414307,0.03258558735251427,0.18579155206680298,0.9023350477218628,0,0.4310353613628809
254,-0.10060687019363448,0.9999999403953552,0.12421395629644394,-0.8099481463432312,-0.00990915298461914,0.010121822357177734,0.9949262142181396,0,-0.10060687019363448
255,0.15294818561739837,1.0000001192092896,0.05173167586326599,2.9565672874450684,0.019470499828457832,0.02339315414428711,0.9882341623306274,0,0.15294818561739837
256,0.0,0.0,0.02447555586695671,0.0,0.0,1.0,0.0,-3,0.0
257,0.6614400227912826,1.0,0.2613941431045532,2.5304315090179443,0.04681839421391487,0.4375028610229492,0.7499980926513672,-1,0.6669521867652143
258,0.07125106457697741,1.0,0.36728811264038086,0.19399230182170868,-1.7313528587692417e-05,0.005076706409454346,0.9974583983421326,-1,0.2770178091351652
259,0.5909372967165205,1.0,0.3631146550178528,1.6274124383926392,0.025441769510507584,0.3492068648338318,0.8067175149917603,0,0.5909372967165205
260,0.2128793318354461,0.9999999403953552,0.20456606149673462,1.0406385660171509,0.023565907031297684,0.04531753063201904,0.9770785570144653,0,0.2128793318354461
261,-0.07124310848345732,0.9999999403953552,0.16069549322128296,-0.44334226846694946,-0.005336991511285305,0.005075573921203613,0.9974589943885803,0,-0.07124310848345732
262,0.4514425556241544,1.0,0.16170655190944672,2.7917392253875732,0.03579413518309593,0.20380038022994995,0.8923001885414124,1,0.6210055239082496
263,0.5448928038838625,1.0,0.31679269671440125,1.7200297117233276,0.01415417529642582,0.29690825939178467,0.8385056853294373,1,0.6328993089040005
264,0.4035144682764707,1.0,0.13464020192623138,2.996983528137207,0.0134405717253685,0.16282397508621216,0.914973258972168,1,0.449660146430412
265,0.4151913832986395,1.0,0.3428610563278198,1.210961103439331,0.037610284984111786,0.17238396406173706,0.9097340703010559,1,0.4456741294197325
266,0.34586071586901934,1.0,0.2278587371110916,1.5178732872009277,0.02440638840198517,0.11961954832077026,0.9382858872413635,2,0.5157865566646604
267,0.0,0.0,5.391325885284459e-06,0.0,0.0,1.0,0.0,-3,0.0
268,0.10775265168650751,0.9999998807907104,0.03404136747121811,3.16534423828125,0.017770547419786453,0.01161038875579834,0.9941778779029846,-1,0.14866648873676636
269,0.0,0.0,5.393036644818494e-06,0.0,0.0,1.0,0.0,-3,0.0
270,0.0,0.0,5.3921930884826e-06,0.0,0.0,1.0,0.0,-3,0.0
271,0.0,0.0,5.392465936893132e-06,0.0,0.0,1.0,0.0,-3,0.0
272,0.0,0.0,5.391716513258871e-06,0.0,0.0,1.0,0.0,-3,0.0
273,0.0,0.0,5.392118509917054e-06,0.0,0.0,1.0,0.0,-3,0.0
274,0.33924980864765797,1.0,0.3211217224597931,1.0564523935317993,0.008412244729697704,0.11509048938751221,0.9406962990760803,1,0.41057031569553404
275,0.20533304523622284,1.0,0.4659040570259094,0.4407196044921875,0.004905586130917072,0.042161762714385986,0.9786921143531799,2,0.6208007176982426
276,0.03328428403246563,1.0,0.4151154160499573,0.08018079400062561,0.0002796098997350782,0.0011078715324401855,0.999445915222168,1,0.2143426694469032
277,0.23541637470873694,1.0,0.3196257948875427,0.7365374565124512,0.0015838707331568003,0.05542099475860596,0.9718945622444153,-1,0.2804856540374834
278,0.24173360001627095,1.0,0.12710879743099213,1.9017847776412964,-0.0016634826315566897,0.05843508243560791,0.9703426957130432,-1,0.2421085206359717
279,0.5448611821940605,1.0,0.2516287863254547,2.165337085723877,0.03887062892317772,0.2968737483024597,0.8385262489318848,0,0.5448611821940605
280,0.29582636384093713,1.0,0.31085196137428284,0.9516631960868835,-0.012856889516115189,0.087513267993927,0.9552417993545532,-1,0.4670715413973275
281,0.27184582383570643,1.0,0.3256708085536957,0.8347257375717163,0.001553785870783031,0.07390004396438599,0.9623408913612366,-1,0.41130192002701654
282,0.27682787899351813,0.9999998807907104,0.2200888693332672,1.2578004598617554,0.01705149933695793,0.07663357257843018,0.9609196186065674,-2,0.5888090764969477
283,0.45628571683236563,1.0,0.385707825422287,1.1829828023910522,0.01462441124022007,0.20819664001464844,0.8898333311080933,-1,0.4572887490671089
284,0.38498655147951344,1.0,0.3687152862548828,1.0441296100616455,0.02498200535774231,0.14821451902389526,0.9229222536087036,-1,0.4909240306836173
285,0.3766035694355934,1.0,0.24686819314956665,1.5255248546600342,0.025498855859041214,0.14183032512664795,0.9263744950294495,0,0.3766035694355934
286,0.6398018152174099,1.0,0.10173729062080383,6.288763999938965,0.04333658516407013,0.40934646129608154,0.7685399055480957,1,0.6480207606482963
287,0.35646589380092947,1.0,0.28117385506629944,1.267777442932129,0.015394837595522404,0.12706786394119263,0.9343084096908569,-1,0.5154916851398847
288,0.2787431802851745,0.9999999403953552,0.29641640186309814,0.9403770565986633,0.013560564257204533,0.07769787311553955,0.9603656530380249,2,0.38567077385335957
289,0.0,0.0,5.392062575992895e-06,0.0,0.0,1.0,0.0,-3,0.0
290,0.09431001615112425,1.0,0.12320323288440704,0.7654833197593689,0.010423563420772552,0.008894562721252441,0.9955428242683411,-1,0.10291135879411453
291,0.6470198438963872,1.0,0.09627074003219604,6.7208356857299805,0.026168597862124443,0.41863471269607544,0.7624731659889221,0,0.6470198438963872
292,0.14043514968472784,1.0,0.1310635209083557,1.0715045928955078,0.01798301562666893,0.01972198486328125,0.9900898933410645,0,0.14043514968472784
293,0.2573242355553431,1.0,0.2891315221786499,0.8899902701377869,0.002012156881392002,0.06621581315994263,0.9663251042366028,-1,0.49286443837411614
294,0.380971327885488,1.0,0.2431928664445877,1.5665398836135864,0.00551260681822896,0.14513909816741943,0.9245868921279907,-1,0.39392005572788874
295,0.5058361829708268,1.0,0.3230684697628021,1.5657243728637695,0.013730964623391628,0.2558702230453491,0.8626295924186707,0,0.5058361829708268
296,0.435183261279423,1.0,0.4215858578681946,1.0322530269622803,0.013039633631706238,0.18938446044921875,0.9003419280052185,0,0.435183261279423
297,0.0,0.0,5.392221282818355e-06,0.0,0.0,1.0,0.0,-3,0.0
298,0.23829154821232404,1.0,0.18691036105155945,1.2748974561691284,-0.04045820236206055,0.05678284168243408,0.9711936712265015,2,0.33842640141615954
299,0.5008558265955325,1.0,0.15154118835926056,3.3050806522369385,-0.09505077451467514,0.25085651874542236,0.865530788898468,0,0.5008558265955325
300,0.4079923299324116,1.0,0.35505563020706177,1.1490939855575562,-0.009693413972854614,0.16645783185958862,0.9129853248596191,-1,0.4106097496082789
301,0.0,0.0,5.3933431445329916e-06,0.0,0.0,1.0,0.0,-3,0.0
302,0.0,0.0,5.392585080699064e-06,0.0,0.0,1.0,0.0,-3,0.0
303,0.32517779641687583,0.9999998807907104,0.2325764149427414,1.398154616355896,-0.003882315708324313,0.10574036836624146,0.9456530213356018,0,0.32517779641687583
304,0.4529766848212688,1.0,0.16189707815647125,2.7979297637939453,0.008687975816428661,0.20518791675567627,0.8915223479270935,-2,0.6846906701072285
305,0.6255291025251852,1.0,0.20648106932640076,3.0294744968414307,-0.14318005740642548,0.39128661155700684,0.7802008986473083,0,0.6255291025251852
306,0.4780243967933697,0.9999999403953552,0.22334112226963043,2.1403329372406006,-0.0835750624537468,0.22850728034973145,0.8783466219902039,-1,0.5041629622597196
307,0.45903488609313386,1.0,0.12591423094272614,3.645616054534912,0.04168007895350456,0.21071308851242065,0.8884182572364807,0,0.45903488609313386
308,0.45865661288391224,1.0,0.20785871148109436,2.2065787315368652,0.015509871765971184,0.210365891456604,0.8886135816574097,-1,0.5303260038898843
309,0.426862330129615,0.9999999403953552,0.09989169985055923,4.273251056671143,0.01316158939152956,0.18221139907836914,0.9043166637420654,-1,0.5765431715297679
310,0.0,0.0,5.391198556026211e-06,0.0,0.0,1.0,0.0,-3,0.0
311,0.3626693533711003,1.0,0.01906367763876915,19.02410316467285,0.2629013955593109,0.13152891397476196,0.9319179654121399,1,0.40113890534457647
312,0.32062104636803307,0.9999999403953552,0.08892825245857239,3.6053898334503174,-0.00603353651240468,0.10279780626296997,0.9472076296806335,-1,0.5319937037091899
313,-0.33154973060083043,1.0,0.029305530712008476,-11.313555717468262,0.06360140442848206,0.1099252700805664,0.9434376955032349,2,0.6942421077127379
314,0.05213075878127286,1.0,0.040000006556510925,1.3032686710357666,-0.012309260666370392,0.00271761417388916,0.998640239238739,-1,0.23748817765039584
315,0.35724802854318755,1.0,0.13008135557174683,2.7463431358337402,-0.07031718641519547,0.12762612104415894,0.9340095520019531,-1,0.4817476204014316
316,0.0692841074098002,0.9999999403953552,0.1742933690547943,0.397514283657074,0.0017654479015618563,0.004800200462341309,0.9975970387458801,3,0.17433260711889598
317,0.35973052116590765,0.9999999403953552,0.31083443760871887,1.1573058366775513,-0.03978309780359268,0.12940597534179688,0.9330562949180603,-1,0.5954219933189523
318,0.5201758870421653,0.9999999403953552,0.2727692425251007,1.9070180654525757,-0.010036075487732887,0.27058297395706177,0.8540591597557068,-1,0.7362285918717578
319,0.40187808634944844,1.0,0.2613411247730255,1.5377528667449951,0.03894026204943657,0.1615060567855835,0.9156931638717651,0,0.40187808634944844
320,0.07794049850249023,1.0,0.31081610918045044,0.2507607936859131,-0.0007095260662026703,0.006074726581573486,0.9969580173492432,0,0.07794049850249023
321,0.43676147449533786,0.9999999403953552,0.4827752709388733,0.9046890139579773,-0.0005967331235297024,0.1907605528831482,0.8995773792266846,0,0.43676147449533786
322,-0.09382591010961125,1.0,0.2661422789096832,-0.35254043340682983,-0.001673067919909954,0.008803367614746094,0.9955886006355286,3,0.22419530988245853
323,0.36406192554903444,1.0,0.4114544093608856,0.8848171830177307,0.006796883884817362,0.13254106044769287,0.931374728679657,0,0.36406192554903444
324,0.42709170921893297,1.0,0.33686384558677673,1.2678465843200684,0.0018109082011505961,0.18240737915039062,0.9042083024978638,0,0.42709170921893297
325,0.24583043036941465,1.0,0.313723087310791,0.7835904955863953,-0.0003396347747184336,0.060432612895965576,0.969312846660614,-1,0.3252107467067281
326,-0.6417457337657528,1.0,0.2155081033706665,-2.9778265953063965,-0.07537484169006348,0.41183751821517944,0.7669175863265991,3,0.4097858723427648
327,0.14280657207177444,0.9999998211860657,0.365936815738678,0.39024925231933594,0.0077974977903068066,0.0203934907913208,0.9897508025169373,2,0.27461066655717264
328,0.40206203749919733,1.0,0.41702088713645935,0.9641292691230774,0.020861027762293816,0.1616538166999817,0.9156124591827393,0,0.40206203749919733
329,-0.18043625682707018,1.0,0.43447285890579224,-0.41529926657676697,-0.00399062130600214,0.03255736827850342,0.9835866689682007,3,0.015278366093428817
330,0.05340135581112297,1.0,0.3439277410507202,0.15526911616325378,0.0024242873769253492,0.0028517842292785645,0.9985731244087219,2,0.3797331774971816
331,0.07955189437884312,1.0,0.313394159078598,0.25383976101875305,0.00380728836171329,0.006328463554382324,0.9968307614326477,1,0.1976805371996827
332,0.37092712635435154,0.9999999403953552,0.26642245054244995,1.3922518491744995,-0.03797072544693947,0.13758701086044312,0.9286619424819946,-1,0.524658958621955
333,0.5108469222291109,0.9999998211860657,0.3012174665927887,1.695940375328064,-0.09498569369316101,0.26096445322036743,0.8596718311309814,0,0.5108469222291109
334,0.19085988527209238,1.0,0.13397054374217987,1.4246407747268677,-0.037417806684970856,0.03642749786376953,0.9816173315048218,0,0.19085988527209238
335,0.31866792354607104,1.0,0.25416865944862366,1.2537654638290405,-0.02481798082590103,0.10154926776885986,0.9478664398193359,1,0.3683300491404225
336,0.5269389937778067,0.9999999403953552,0.31827470660209656,1.6556106805801392,-0.01337441336363554,0.27766478061676025,0.8499031066894531,-1,0.6846929232741058
337,-0.02365194662873185,1.0,0.2319999635219574,-0.10194806754589081,6.845680036349222e-05,0.0005593299865722656,0.9997202754020691,0,-0.02365194662873185
338,0.1643966723616007,1.0,0.22544324398040771,0.7292153835296631,0.003844750579446554,0.02702617645263672,0.9863943457603455,0,0.1643966723616007
339,0.37111103860450156,1.0,0.3105679750442505,1.1949430704116821,-0.022048914805054665,0.13772356510162354,0.9285883903503418,2,0.6580053256848784
340,0.867516688096986,0.9999999403953552,0.3562515079975128,2.435124397277832,-0.06830950081348419,0.7525851726531982,0.49740809202194214,0,0.867516688096986
341,0.42955977078243596,1.0,0.28332626819610596,1.5161311626434326,-0.06343530118465424,0.18452155590057373,0.9030384421348572,-1,0.5702114036899931
342,0.6932216172403487,0.9999999403953552,0.40290382504463196,1.7205634117126465,-0.11038737744092941,0.4805561900138855,0.7207245230674744,0,0.6932216172403487
343,-0.09474130996345416,0.9999998807907104,0.025668414309620857,-3.6909682750701904,0.026897305622696877,0.008975803852081299,0.9955019950866699,2,0.3476326392100614
344,0.0,0.0,5.391678314481396e-06,0.0,0.0,1.0,0.0,-3,0.0
345,0.0,0.0,5.393354058469413e-06,0.0,0.0,1.0,0.0,-3,0.0
346,0.11468898560669959,0.9999998807907104,0.2147590070962906,0.5340357422828674,0.009658174589276314,0.013153374195098877,0.9934015870094299,-1,0.2977275535127902
347,0.26856332327754373,0.9999998807907104,0.25527313351631165,1.0520625114440918,-0.006879910361021757,0.07212620973587036,0.9632620811462402,-1,0.3859608156701295
348,0.31310386655375855,1.0,0.11542881280183792,2.7125279903411865,0.015078108757734299,0.0980340838432312,0.9497188925743103,0,0.31310386655375855
349,0.5873517550763395,1.0,0.06199110299348831,9.474775314331055,-0.008419803343713284,0.3449820280075073,0.8093318343162537,0,0.5873517550763395
350,0.22799005357141416,1.0,0.10781288892030716,2.114682674407959,-0.013057820498943329,0.051979660987854004,0.9736634492874146,0,0.22799005357141416
351,0.0,0.0,5.392828825279139e-06,0.0,0.0,1.0,0.0,-3,0.0
352,0.5425364355437124,0.9999999403953552,0.2108922302722931,2.5725767612457275,-0.018877994269132614,0.2943457365036011,0.8400323390960693,-1,0.5523422060075485
353,0.2132670242892868,1.0,0.2386501580476761,0.8936387300491333,-0.012625977396965027,0.04548293352127075,0.9769939184188843,0,0.2132670242892868
354,0.19553941029840985,1.0,0.13244208693504333,1.476414442062378,0.014223319478332996,0.03823578357696533,0.9806957840919495,1,0.2912555954414204
355,-0.5598500938544629,1.0,0.030874479562044144,-18.133102416992188,0.039143629372119904,0.31343215703964233,0.828593909740448,-3,0.15496119759098004
356,-0.07705325388235863,1.0,0.04831559956073761,-1.5947903394699097,-0.006300091277807951,0.00593721866607666,0.9970269799232483,-3,0.28258605290486366
357,0.22041080229133375,1.0,0.0639977902173996,3.444037437438965,0.014642694965004921,0.048580944538116455,0.9754071235656738,-1,0.2915097306741137
358,-0.19404101677057325,1.0,0.33521533012390137,-0.5788548588752747,-0.0075570628978312016,0.037651896476745605,0.9809934496879578,-3,0.3665796349247662
359,0.5299906490799928,1.0,0.1829756498336792,2.8965091705322266,0.042235370725393295,0.28088998794555664,0.8480035662651062,-1,0.5544647053808451
360,0.0,0.0,0.030751364305615425,0.0,0.0,1.0,0.0,-3,0.0
361,0.09504863435114963,1.0,0.049927741289138794,1.9037238359451294,-0.014098926447331905,0.009034335613250732,0.9954726099967957,-2,0.2272792759000609
362,0.16092132957357966,0.9999999403953552,0.036438144743442535,4.416287899017334,0.04450960084795952,0.02589547634124756,0.9869673252105713,0,0.16092132957357966
363,0.38905894227532,1.0,0.06127511337399483,6.349379062652588,-0.07651060074567795,0.15136688947677612,0.9212128520011902,0,0.38905894227532
364,0.3542088185823383,0.9999999403953552,0.10243529081344604,3.457878828048706,-0.044905729591846466,0.12546378374099731,0.9351664185523987,-1,0.6367201909271589
365,0.5129231845840116,1.0,0.13844239711761475,3.7049574851989746,-0.10633892565965652,0.26309025287628174,0.8584344983100891,-1,0.54496642908628
366,0.5338907276339153,1.0,0.26379549503326416,2.023880958557129,-0.06444224715232849,0.28503936529159546,0.845553457736969,0,0.5338907276339153
367,0.5546388066664444,0.9999999403953552,0.25715699791908264,2.1568100452423096,-0.07669572532176971,0.30762410163879395,0.8320912718772888,0,0.5546388066664444
368,0.5498946984191742,1.0,0.14999477565288544,3.6660923957824707,-0.028821071609854698,0.30238425731658936,0.8352339863777161,1,0.631498601593364
369,0.32793004750839466,1.0,0.07919314503669739,4.140889644622803,-0.007428101263940334,0.10753810405731201,0.9447020292282104,0,0.32793004750839466
370,0.5506282996543314,1.0,0.27841171622276306,1.9777483940124512,0.010675359517335892,0.30319154262542725,0.8347505331039429,0,0.5506282996543314
371,0.3169653587692382,1.0,0.18575504422187805,1.7063621282577515,-0.05706542357802391,0.1004670262336731,0.9484372138977051,0,0.3169653587692382
372,0.8307721799617547,0.9999999403953552,0.09951315075159073,8.348366737365723,-0.1427462100982666,0.6901823878288269,0.5566126704216003,0,0.8307721799617547
373,0.32409517172413305,1.0,0.12154561281204224,2.6664490699768066,-0.013583955354988575,0.10503768920898438,0.946024477481842,0,0.32409517172413305
374,0.18048050858602574,1.0,0.1661401391029358,1.0863147974014282,0.003909150138497353,0.03257334232330322,0.9835785627365112,1,0.33027688385436804
375,-0.17732242747602028,0.9999999403953552,0.12416567653417587,-1.4281116724014282,0.01867631822824478,0.031443238258361816,0.9841528534889221,2,0.2771372264862519
376,0.1733546676189144,1.0,0.2990066111087799,0.5797686576843262,-0.006139357108622789,0.030051827430725098,0.9848594665527344,0,0.1733546676189144
377,0.23692508690623293,1.0,0.3338644504547119,0.7096445560455322,-0.018642975017428398,0.056133389472961426,0.9715279936790466,-2,0.7258053142583536
378,0.6146090879801093,1.0,0.3005804419517517,2.044740915298462,0.03057042323052883,0.37774431705474854,0.7888318300247192,0,0.6146090879801093
379,0.660961599224199,1.0,0.2628920078277588,2.5141944885253906,-0.02178329974412918,0.436870276927948,0.7504196763038635,0,0.660961599224199
380,0.4190740503250741,1.0,0.2075807750225067,2.018848180770874,-0.03978491574525833,0.1756231188774109,0.907952070236206,0,0.4190740503250741
381,0.41208996555668514,1.0,0.22304967045783997,1.8475255966186523,-0.04706863313913345,0.1698182225227356,0.9111431837081909,-1,0.5696873538816823
382,0.32718826800352224,0.9999999403953552,0.08018609136343002,4.080361843109131,-0.04587215930223465,0.1070520281791687,0.9449592232704163,-1,0.4616852726945428
383,0.6084837021183666,1.0,0.18121075630187988,3.3578786849975586,-0.08420522511005402,0.37025243043899536,0.7935663461685181,0,0.6084837021183666
384,0.5450811961802257,1.0000001192092896,0.20741035044193268,2.628032922744751,-0.013365971855819225,0.2971135377883911,0.8383831977844238,0,0.5450811961802257
385,0.31088398214939117,1.0,0.24411481618881226,1.2735153436660767,-0.038496021181344986,0.09664887189865112,0.9504478573799133,3,0.4667746561814949
386,0.39332705254459854,1.0,0.2876230776309967,1.3675087690353394,0.0037859664298594,0.1547061800956726,0.9193986654281616,0,0.39332705254459854
387,0.4761422677088868,1.0,0.21208928525447845,2.2450084686279297,-0.057764142751693726,0.2267114520072937,0.8793683052062988,-1,0.5013442824113404
388,0.4258875716951686,1.0,0.325088769197464,1.3100653886795044,-0.025614341720938683,0.1813802719116211,0.9047761559486389,-1,0.552240493241455
389,0.5382920773658416,0.9999999403953552,0.2599222660064697,2.0709733963012695,-0.08137184381484985,0.2897583246231079,0.8427584171295166,-1,0.552359653394183
390,0.44345753706551516,1.0,0.3030942380428314,1.4631011486053467,-0.05327224358916283,0.19665449857711792,0.896295428276062,0,0.44345753706551516
391,0.18082422260048958,1.0,0.2803306579589844,0.6450390815734863,-0.019849026575684547,0.03269755840301514,0.9835153818130493,1,0.2323673460831657
392,-0.28481859009865795,1.0,0.2643383741378784,-1.0774773359298706,0.009507270529866219,0.08112174272537231,0.9585814476013184,3,0.687477905435543
393,0.08069894757261374,1.0,0.25474557280540466,0.31678253412246704,-0.006765636615455151,0.006512165069580078,0.996738612651825,-2,0.21973432917369334
394,0.7754761849270219,1.0,0.2638942301273346,2.938586950302124,-0.045123111456632614,0.6013633012771606,0.6313768029212952,0,0.7754761849270219
395,0.6255685415440473,1.0,0.3120701313018799,2.0045769214630127,-0.09152542799711227,0.39133596420288086,0.7801692485809326,0,0.6255685415440473
396,0.6999320698253779,1.0,0.3535575568675995,1.9796833992004395,-0.10617472976446152,0.4899049997329712,0.7142093777656555,-1,0.7423541566743618
397,0.42169597348881294,1.0,0.32274314761161804,1.306599497795105,-0.07480606436729431,0.17782753705978394,0.9067372679710388,-1,0.60429053731302
398,0.5077785685472379,1.0,0.4362903833389282,1.1638544797897339,-0.06650352478027344,0.2578391432762146,0.8614875674247742,-1,0.5858066931836183
399,0.5195408215697751,0.9999999403953552,0.4262796640396118,1.2187793254852295,-0.05185452103614807,0.26992255449295044,0.8544456958770752,-1,0.6880602987370212
400,0.028696946936201537,1.0,0.42942553758621216,0.06682636588811874,-0.00384959252551198,0.0008233785629272461,0.9995882511138916,-1,0.236002525019151
401,0.2795191477158428,0.9999999403953552,0.3918358087539673,0.7133578062057495,-0.036528486758470535,0.07813090085983276,0.9601401686668396,-1,0.41629689389135
402,0.2552393927746437,0.9999999403953552,0.4482721984386444,0.5693848729133606,-0.02802298404276371,0.0651470422744751,0.9668779969215393,1,0.29319752554850775
403,0.14775779692048185,1.0,0.206648588180542,0.715019702911377,-0.018635166808962822,0.02183234691619873,0.9890236258506775,-1,0.29024210431726705
404,0.0,0.0,5.390893420553766e-06,0.0,0.0,1.0,0.0,-3,0.0
405,0.27654871469096254,1.0,0.35453683137893677,0.780028223991394,-0.04081090912222862,0.07647925615310669,0.9609999060630798,0,0.27654871469096254
406,-0.04885272293537961,1.0,0.04801172763109207,-1.0175163745880127,0.00854531116783619,0.0023866891860961914,0.9988059401512146,-3,0.19362459670859342
407,-0.19654742143897105,1.0,0.08725662529468536,-2.252521514892578,0.015607519075274467,0.03863108158111572,0.9804942011833191,-1,-0.04712282678952988
408,-0.29506084466190097,0.9999999403953552,0.12513138353824615,-2.35800838470459,0.04831087961792946,0.08706086874008179,0.9554784893989563,-1,-0.17371380178944376
409,0.0,0.0,5.391575541580096e-06,0.0,0.0,1.0,0.0,-3,0.0
410,0.0,0.0,5.3917774494038895e-06,0.0,0.0,1.0,0.0,-3,0.0
411,0.0,0.0,5.391943886934314e-06,0.0,0.0,1.0,0.0,-3,0.0
412,0.0,0.0,5.390208571043331e-06,0.0,0.0,1.0,0.0,-3,0.0
413,0.0,0.0,5.3911408031126484e-06,0.0,0.0,1.0,0.0,-3,0.0
414,0.0,0.0,5.391902959672734e-06,0.0,0.0,1.0,0.0,-3,0.0
415,0.0,0.0,5.390953901951434e-06,0.0,0.0,1.0,0.0,-3,0.0
416,0.0,0.0,5.38956146556302e-06,0.0,0.0,1.0,0.0,-3,0.0
417,0.0,0.0,5.392513685364975e-06,0.0,0.0,1.0,0.0,-3,0.0
418,0.0,0.0,5.391607828642009e-06,0.0,0.0,1.0,0.0,-3,0.0
419,0.0,0.0,5.3907438086753245e-06,0.0,0.0,1.0,0.0,-3,0.0
420,0.0,0.0,5.391435024648672e-06,0.0,0.0,1.0,0.0,-3,0.0
421,0.0,0.0,5.391422291722847e-06,0.0,0.0,1.0,0.0,-3,0.0
422,0.0,0.0,5.3908042900729924e-06,0.0,0.0,1.0,0.0,-3,0.0
423,0.0,0.0,5.391870672610821e-06,0.0,0.0,1.0,0.0,-3,0.0
