roi,r0,std_gt,std_rec,slope,intercept,R2,NRMSE,best_lag_TR,r_at_best_lag
0,0.7628334114702976,1.0,0.9836511015892029,0.775512158870697,-0.018608983606100082,0.5819148421287537,0.6465950608253479,1,0.7673329317395579
1,0.7122564510095782,1.0,0.6668673753738403,1.0680631399154663,0.08081800490617752,0.5073093175888062,0.7019193768501282,3,0.746621926458465
2,0.706196133653599,1.0,0.75682532787323,0.9331032633781433,-0.05443493276834488,0.498712956905365,0.7080162763595581,2,0.7179532676638584
3,0.7511779303771448,1.0,0.969021737575531,0.775192141532898,-0.016385655850172043,0.5642682313919067,0.6600998044013977,2,0.7656995287869693
4,0.009934526549240935,1.0,0.8868739008903503,0.011201735585927963,-0.0010790452361106873,9.870529174804688e-05,0.999950647354126,-1,0.013416987540248877
5,-0.13954238129996158,1.0,0.7870446443557739,-0.17729918658733368,0.02407221309840679,0.019472122192382812,0.990216076374054,3,-0.0733968335389858
6,-0.3466933765027403,1.0,0.5437754392623901,-0.6375671625137329,0.19744805991649628,0.12019634246826172,0.9379785060882568,-1,-0.33861459813129097
7,0.6170173632841898,1.0,0.9779765605926514,0.630912184715271,0.04362289980053902,0.3807104229927063,0.7869495153427124,3,0.6754178391132407
8,0.04940624804650571,0.9999999403953552,0.8630514144897461,0.05724600329995155,-0.00011164995521539822,0.002440929412841797,0.998778760433197,3,0.1319147856688933
9,0.4126695834126302,1.0,0.5898041129112244,0.699672281742096,-0.14769123494625092,0.17029619216918945,0.9108808040618896,2,0.4469347223956202
10,0.1853724514720873,1.0,0.5213961005210876,0.3555309772491455,-0.006786643993109465,0.03436279296875,0.982668399810791,2,0.2693866496071743
11,-0.09947751546497453,0.9999999403953552,0.5278630256652832,-0.18845327198505402,0.06258408725261688,0.009895801544189453,0.9950398206710815,3,-0.07332153840212931
12,-0.3228165259141591,1.0,0.7035731673240662,-0.45882436633110046,0.08671426773071289,0.10421055555343628,0.94646155834198,3,-0.2665260935086874
13,-0.16142467109569963,0.9999999403953552,0.47550684213638306,-0.33947914838790894,0.040143683552742004,0.026057958602905273,0.9868850111961365,-1,-0.12403069523409425
14,0.7570221807348861,1.0,0.9302123188972473,0.813816487789154,-0.00047848696704022586,0.5730825662612915,0.6533891558647156,3,0.793108358298679
15,0.3101447224163391,1.0,0.5400363206863403,0.5743034482002258,-0.01276452373713255,0.09618979692459106,0.9506893157958984,-1,0.34179134222628393
16,-0.3030098530629993,1.0,0.7721890807151794,-0.39240366220474243,0.017911609262228012,0.09181499481201172,0.9529874324798584,-1,-0.28658701069672965
17,0.3517645049862673,0.9999999403953552,0.42614614963531494,0.8254550695419312,-0.10509216040372849,0.12373816967010498,0.9360885620117188,-1,0.40355000937544255
18,-0.23513478228956705,1.0,0.6280614733695984,-0.37438175082206726,0.0388859361410141,0.055288493633270264,0.9719626903533936,3,-0.13788783738673216
19,-0.2317255152551216,1.0,0.46012863516807556,-0.5036103129386902,0.0933510959148407,0.05369669198989868,0.972781240940094,3,-0.12850133052254537
20,-0.3240080689254408,1.0000001192092896,0.2267126441001892,-1.4291576147079468,0.2613348960876465,0.10498124361038208,0.9460542798042297,-2,-0.23567301451322495
21,-0.24574389751768444,1.0,0.3582212030887604,-0.6860116124153137,0.1014844998717308,0.0603901743888855,0.9693347215652466,0,-0.24574389751768444
22,0.43687486076984633,1.0,0.6848050355911255,0.6379550695419312,-0.048790257424116135,0.1908596158027649,0.8995223045349121,3,0.46649954167772095
23,-0.4467034186605959,1.0,0.4068397879600525,-1.0979835987091064,-0.020616315305233,0.19954395294189453,0.8946821093559265,-3,-0.42423930748485267
24,-0.012506625825157077,0.9999999403953552,0.5548214912414551,-0.02254170924425125,0.0014222029130905867,0.0001564621925354004,0.9999217987060547,3,0.02013065451527545
25,0.35301365730563655,1.0,0.5324705839157104,0.6629731059074402,-0.11606396734714508,0.12461864948272705,0.9356181621551514,-2,0.39471951951814516
26,0.6860095146865892,1.0,0.8193500638008118,0.8372606039047241,0.03228230029344559,0.47060906887054443,0.7275925874710083,2,0.708933941882574
27,0.1342877802992365,1.0,0.5834280252456665,0.23017027974128723,-0.04565660282969475,0.018033087253570557,0.9909424185752869,-3,0.20085412532168512
28,0.5616507750544094,1.0,0.7076276540756226,0.7937094569206238,0.020287049934267998,0.31545162200927734,0.8273743987083435,2,0.6035616720916144
29,0.21939520438419982,1.0,0.8576778173446655,0.25580140948295593,0.0023137058597058058,0.04813432693481445,0.9756360054016113,2,0.2540763600827152
30,-0.04079102246416021,1.0,0.9091624021530151,-0.044866595417261124,0.0021610797848552465,0.0016638636589050293,0.9991677403450012,0,-0.04079102246416021
31,0.735036763373059,1.0,0.576201319694519,1.2756595611572266,0.0676855742931366,0.5402790307998657,0.6780272722244263,-1,0.7500868894324245
32,0.12429961387009207,1.0,0.5063354969024658,0.24548864364624023,-0.007361715659499168,0.015450537204742432,0.9922446608543396,-1,0.13041196334513988
33,0.558163379402413,0.9999999403953552,0.5487839579582214,1.017091155052185,0.17378222942352295,0.31154632568359375,0.8297310471534729,3,0.631358412258953
34,0.18939062019357525,1.0,0.6718398928642273,0.28189846873283386,-0.018450239673256874,0.03586876392364502,0.9819018244743347,0,0.18939062019357525
35,0.01760837743485467,1.0,0.6416811943054199,0.027441004291176796,-0.0027363665867596865,0.00031000375747680664,0.9998449683189392,0,0.01760837743485467
36,0.8241657719369944,1.0,0.7655138969421387,1.0766175985336304,0.16620171070098877,0.6792492866516113,0.5663486123085022,3,0.8704199991321274
37,0.7947876712922336,1.0,0.7367536425590515,1.0787699222564697,0.13938026130199432,0.6316874623298645,0.6068875789642334,3,0.836433612268176
38,0.0,0.0,0.7046789526939392,0.0,0.0,1.0,0.0,-3,0.0
39,0.81632161149864,1.0,0.7139620184898376,1.1433684825897217,0.0478224977850914,0.6663809418678284,0.5775976777076721,3,0.8565690007893285
40,0.7959421417695255,1.0,0.6397826075553894,1.2440820932388306,0.02304924838244915,0.6335239410400391,0.6053726673126221,3,0.824031087756783
41,0.0,0.0,0.7152248024940491,0.0,0.0,1.0,0.0,-3,0.0
42,0.13911936899958016,0.9999999403953552,0.6428734660148621,0.21640239655971527,-0.023325936868786812,0.01935422420501709,0.9902756214141846,0,0.13911936899958016
43,-0.21358867594754113,1.0,0.7493258714675903,-0.28504112362861633,0.048982229083776474,0.04562002420425415,0.9769237041473389,-2,-0.13343738851541215
44,-0.12166193756434461,1.0000001192092896,0.7175723910331726,-0.16954658925533295,0.013005806133151054,0.014801740646362305,0.9925715327262878,1,-0.09328460661906547
45,0.3566653963715069,1.0,0.6621941328048706,0.5386115312576294,-0.06755078583955765,0.12721019983291626,0.9342321753501892,2,0.410330049113005
46,-0.12661786026800334,0.9999999403953552,0.7097597122192383,-0.17839539051055908,0.013963492587208748,0.016032040119171143,0.991951584815979,2,-0.07033239184224593
47,-0.05171257743383044,0.9999998807907104,0.6278036236763,-0.08237062394618988,0.011920043267309666,0.0026741623878479004,0.9986620545387268,2,0.028639793371753864
48,0.0,0.0,0.634131908416748,0.0,0.0,1.0,0.0,-3,0.0
49,-0.21087706336194112,1.0,0.7637101411819458,-0.2761218845844269,0.006477985065430403,0.044469237327575684,0.9775125980377197,0,-0.21087706336194112
50,-0.09416346698189902,0.9999999403953552,0.9079074263572693,-0.10371483117341995,-0.0048217191360890865,0.00886678695678711,0.9955567121505737,2,-0.06939115570125443
51,-0.410658383722802,1.0,0.7664089202880859,-0.5358214974403381,0.008307174779474735,0.16864031553268433,0.9117892980575562,0,-0.410658383722802
52,-0.5444849691520329,0.9999999403953552,0.7235002517700195,-0.7525704503059387,0.028803782537579536,0.2964639663696289,0.8387705683708191,-2,-0.5343270733654635
53,0.0,0.0,0.5861563086509705,0.0,0.0,1.0,0.0,-3,0.0
54,0.0,0.0,0.7181825041770935,0.0,0.0,1.0,0.0,-3,0.0
55,-0.048735076751602595,1.0,0.5790005326271057,-0.08417104184627533,0.0023373232688754797,0.0023750662803649902,0.9988117814064026,2,-0.03431926564045602
56,0.7447807349791105,0.9999999403953552,0.550382137298584,1.3532066345214844,0.016416629776358604,0.5546983480453491,0.6673092842102051,2,0.7668281784342617
57,0.39506074553450127,0.9999999403953552,0.41170352697372437,0.9595757722854614,-0.03190566599369049,0.15607291460037231,0.9186550974845886,-3,0.4465179068535325
58,-0.5976243715724017,1.0,0.5500804781913757,-1.0864307880401611,0.16640719771385193,0.3571549654006958,0.8017761707305908,3,-0.5948148117088833
59,0.7921851964953815,1.0,0.529379665851593,1.4964406490325928,0.13944174349308014,0.6275573968887329,0.6102808117866516,3,0.8129652102626792
60,-0.08998298145141213,1.0,0.21164120733737946,-0.42516759037971497,-0.0008336254395544529,0.008096873760223389,0.9959433078765869,-1,-0.06490492035218684
61,0.6818181571382349,1.0,0.5712367296218872,1.193582534790039,-0.0432993546128273,0.4648759961128235,0.731521725654602,3,0.7027209430281331
62,0.6398641028788157,1.0,0.6993383765220642,0.9149563908576965,-0.030217401683330536,0.40942609310150146,0.7684880495071411,3,0.6933195622769224
63,-0.16046469813016817,1.0,0.2846640348434448,-0.5636984705924988,0.17595015466213226,0.025748908519744873,0.9870415925979614,-1,-0.15214837419679786
64,0.0,0.0,0.07164516299962997,0.0,0.0,1.0,0.0,-3,0.0
65,-0.23818709386789375,1.0,0.23153720796108246,-1.0287206172943115,0.0065099922940135,0.05673307180404663,0.9712193012237549,3,-0.23226605244805246
66,-0.03113226563094741,1.0,0.6132568717002869,-0.05076545476913452,0.004584961105138063,0.000969231128692627,0.9995152950286865,2,0.06178805751193396
67,0.02147796437541331,1.0,0.6458142399787903,0.03325718641281128,-0.00878146942704916,0.00046128034591674805,0.999769389629364,2,0.06946357882367712
68,0.47655267809437596,1.0,0.496458500623703,0.9599043726921082,-0.14570733904838562,0.2271023988723755,0.8791459202766418,-2,0.4942965727973667
69,0.33987451961839543,0.9999998807907104,0.6304716467857361,0.5390797257423401,-0.08978220820426941,0.11551463603973389,0.9404708743095398,2,0.4141924644524888
70,-0.21309769151536867,1.0,0.528260350227356,-0.4033952057361603,0.1113029345870018,0.0454106330871582,0.977030873298645,3,-0.1762754816397141
71,0.2828654894245177,1.0,0.12686192989349365,2.2297112941741943,-0.16379190981388092,0.08001285791397095,0.9591596126556396,-3,0.3692229451333431
72,-0.01635723824685066,1.0,0.6275108456611633,-0.026066860184073448,-0.002439504023641348,0.0002675652503967285,0.9998661875724792,3,0.02366925895719319
73,0.5523053581701602,1.0,0.6086893677711487,0.9073681831359863,-0.0424172542989254,0.30504125356674194,0.8336418867111206,3,0.597383616173634
74,0.6184621035789036,1.0,0.3768576979637146,1.6411024332046509,-0.12413560599088669,0.3824954032897949,0.7858145833015442,-3,0.6505371733363788
75,0.3793271538417498,1.0,0.09721851348876953,3.901799440383911,-0.27428656816482544,0.14388912916183472,0.9252625703811646,-3,0.45693508364128343
76,0.2579110702178785,1.0,0.23153218626976013,1.1139318943023682,0.049160826951265335,0.06651806831359863,0.9661687016487122,-2,0.2786871841498286
77,0.6846664893168092,1.0,0.6745331883430481,1.0150227546691895,-0.024750208482146263,0.46876823902130127,0.7288565039634705,3,0.7269306986380093
78,0.7390562415852303,1.0,0.5391346216201782,1.3708195686340332,0.14203183352947235,0.5462040901184082,0.6736437082290649,2,0.7474449004121515
79,0.804947565819161,1.0,0.5951448678970337,1.3525238037109375,0.22110608220100403,0.6479405760765076,0.5933459401130676,3,0.8386300853390113
80,-0.11193689016704476,1.0,0.5684174299240112,-0.1969272643327713,0.020929178223013878,0.012529909610748291,0.9937153458595276,2,-0.07559437618790261
81,0.29417377451983356,1.0,0.29125604033470154,1.0100177526474,-0.3670579791069031,0.08653831481933594,0.955751895904541,-2,0.29899212514081674
82,0.2542099978111334,1.0,0.4936985373497009,0.5149093866348267,-0.10252101719379425,0.06462275981903076,0.967149019241333,1,0.29791572702845204
83,0.27762643348385807,1.0,0.5703569054603577,0.48675915598869324,-0.094968281686306,0.07707637548446655,0.960689127445221,1,0.2994121148687837
84,0.06579417958269419,1.0,0.2925832271575928,0.2248733788728714,-0.09488903731107712,0.004328906536102295,0.9978331923484802,3,0.0739341867763229
85,0.3320293437846439,1.0,0.4564596712589264,0.7274012565612793,-0.2690267264842987,0.11024349927902222,0.9432690739631653,3,0.4209585374557741
86,-0.4015249075537278,1.0,0.32437825202941895,-1.237829327583313,0.26867708563804626,0.16122221946716309,0.9158481359481812,3,-0.3724835542102399
87,0.0,0.0,7.808316149748862e-05,0.0,0.0,1.0,0.0,-3,0.0
88,0.0,0.0,0.1308669149875641,0.0,0.0,1.0,0.0,-3,0.0
89,0.0,0.0,8.31646757433191e-05,0.0,0.0,1.0,0.0,-3,0.0
90,0.0,0.0,0.11918829381465912,0.0,0.0,1.0,0.0,-3,0.0
91,0.0,0.0,8.27250987640582e-05,0.0,0.0,1.0,0.0,-3,0.0
92,0.0,0.0,7.750724034849554e-05,0.0,0.0,1.0,0.0,-3,0.0
93,-0.23334960029831392,0.9999998807907104,0.058720625936985016,-3.9738950729370117,0.14830949902534485,0.05445200204849243,0.9723929762840271,-2,-0.16829492635333002
94,-0.5766934346966408,1.0,0.6223500370979309,-0.9266383647918701,-0.014598452486097813,0.33257532119750977,0.8169606328010559,-3,-0.5412019576627372
95,-0.7225289491071838,1.0,0.5663450956344604,-1.2757749557495117,0.062238581478595734,0.5220481157302856,0.6913406252861023,-3,-0.718492843552676
96,-0.5408081203048084,1.0,0.46859386563301086,-1.1541084051132202,0.19273826479911804,0.2924734354019165,0.8411459922790527,1,-0.5341958808529913
97,0.4864176976896114,1.0,0.48753735423088074,0.9977034330368042,-0.26876240968704224,0.23660212755203247,0.873726487159729,2,0.5138624473307418
98,0.5890702644884946,0.9999999403953552,0.5864025354385376,1.004549264907837,-0.028215141966938972,0.3470038175582886,0.8080818057060242,3,0.6303990060621371
99,0.41802335239862254,1.0,0.6598542332649231,0.6335086226463318,-0.06097846105694771,0.17474347352981567,0.9084362983703613,3,0.4493623371838601
100,0.7147785790305264,1.0,0.4738052189350128,1.508591651916504,0.24514548480510712,0.5109084844589233,0.6993507742881775,3,0.769348959171734
101,0.758021938410905,1.0000001192092896,0.5409312844276428,1.4013276100158691,0.06823844462633133,0.5745973587036133,0.6522290110588074,3,0.80522245777462
102,-0.40303555546086417,1.0,0.5323042869567871,-0.7571525573730469,0.10809178650379181,0.16243761777877808,0.9151843190193176,-3,-0.35991406096325856
103,0.7329971395627777,1.0,0.7250012159347534,1.01102876663208,0.019394613802433014,0.537284791469574,0.6802317500114441,3,0.7520800973194754
104,0.6118065693321373,1.0,0.41615086793899536,1.4701557159423828,0.10842883586883545,0.3743072748184204,0.791007399559021,3,0.6718410804449498
105,0.5161016902405289,0.9999999403953552,0.5642346739768982,0.914693295955658,-0.02155507355928421,0.266360878944397,0.8565273880958557,3,0.5427663538594628
106,0.5297656016532407,1.0,0.4298645257949829,1.2324012517929077,0.07721373438835144,0.2806515693664551,0.8481441140174866,2,0.5535654001522811
107,0.6826076123699178,0.9999999403953552,0.4877758324146271,1.3994288444519043,-0.1326984465122223,0.46595317125320435,0.730785071849823,1,0.6949742114073263
108,-0.34106242536020276,1.0,0.49532103538513184,-0.6885684728622437,0.01238181535154581,0.11632359027862549,0.940040647983551,-1,-0.3300354498732672
109,0.10459768328598525,1.0,0.10275882482528687,1.017894983291626,-0.006949857342988253,0.01094067096710205,0.9945146441459656,3,0.2329147508701088
110,-0.04749183427762088,1.0,0.25676921010017395,-0.18495921790599823,-0.00040953527786768973,0.0022554397583007812,0.9988716840744019,-1,-0.02451510604543081
111,0.6249111093288328,1.0,0.39588096737861633,1.5785326957702637,0.0014615482650697231,0.39051389694213867,0.780695915222168,1,0.6442765722861197
112,0.7797737088856609,1.0,0.6396388411521912,1.21908438205719,0.06979997456073761,0.6080470085144043,0.6260614395141602,3,0.7947641866377729
113,0.1388455936502022,1.0,0.3435154855251312,0.40419018268585205,-0.12069515883922577,0.019278109073638916,0.9903140068054199,3,0.1640357308494997
114,0.7139763276777578,1.0,0.43629327416419983,1.636459469795227,0.1893901228904724,0.5097622275352478,0.7001698017120361,2,0.7369255053726235
115,0.3973276937735992,0.9999999403953552,0.668698787689209,0.5941803455352783,-0.02184954471886158,0.1578693389892578,0.9176768064498901,2,0.4324487573899223
116,-0.6409763161340867,1.0,0.6524651646614075,-0.9823915362358093,-0.0260500255972147,0.4108507037162781,0.767560601234436,-2,-0.634453181571519
117,0.0,0.0,8.306507515953854e-05,0.0,0.0,1.0,0.0,-3,0.0
118,0.42712136418043256,1.0,0.1887916773557663,2.262395143508911,0.03406235948204994,0.1824326515197754,0.9041942954063416,2,0.43812871570795525
119,0.1915818530631986,1.0,0.43481338024139404,0.44060707092285156,-0.018800508230924606,0.036703646183013916,0.9814766049385071,3,0.2141537971240984
120,-0.18909150056082044,0.9999999403953552,0.5851796865463257,-0.32313406467437744,0.013657065108418465,0.03575557470321655,0.9819595217704773,-1,-0.17368326455124955
121,0.0,0.0,8.178685675375164e-05,0.0,0.0,1.0,0.0,-3,0.0
122,-0.0005716564985185614,1.0,0.09815014153718948,-0.0058243065141141415,0.00023082061670720577,2.980232238769531e-07,0.9999998211860657,3,0.027289222673336503
123,0.7000475779284555,1.0000001192092896,0.5937431454658508,1.1790412664413452,0.07517508417367935,0.49006664752960205,0.714096188545227,3,0.7266729553433695
124,0.7362906950697308,0.9999999403953552,0.48171266913414,1.5284851789474487,-0.046281587332487106,0.5421240329742432,0.6766653656959534,3,0.7660292003606434
125,0.10945777751566368,1.0,0.18605786561965942,0.5882996916770935,0.05525745078921318,0.011980950832366943,0.993991494178772,-3,0.11780508213407581
126,0.5585536648612572,1.0,0.29752975702285767,1.8773034811019897,0.1253732591867447,0.31198227405548096,0.829468309879303,-1,0.5762707625181626
127,0.14726965383809845,1.0,0.5139058828353882,0.2865692973136902,-0.04167195409536362,0.021688401699066162,0.9890964031219482,3,0.21112661339688713
128,0.22864387499560296,1.0,0.4732445776462555,0.4831410348415375,-0.1170174852013588,0.05227804183959961,0.9735101461410522,3,0.3008023782311602
129,0.562358482236928,1.0,0.3333413600921631,1.6870349645614624,-0.2570323944091797,0.3162471055984497,0.8268935680389404,-3,0.6134965670729873
130,0.0,0.0,8.204283221857622e-05,0.0,0.0,1.0,0.0,-3,0.0
131,-0.3896266188060882,1.0,0.1454712599515915,-2.678375244140625,-0.018880384042859077,0.1518089771270752,0.9209728837013245,-3,-0.3455640661213944
132,0.39336926004395756,0.9999998807907104,0.3349034786224365,1.1745749711990356,-0.19315534830093384,0.15473920106887817,0.9193806648254395,-3,0.4482975511852939
133,0.31919868626185116,1.0,0.12298554927110672,2.595416307449341,0.2648242115974426,0.10188788175582886,0.9476878643035889,0,0.31919868626185116
134,0.22078069286366944,1.0,0.15739528834819794,1.402714729309082,-0.021682877093553543,0.04874420166015625,0.9753234386444092,-3,0.33009485894467455
135,0.35861280147674873,1.0,0.29880470037460327,1.200157880783081,-0.04159023240208626,0.12860316038131714,0.9334864020347595,-1,0.446527137771111
136,0.5572383547290488,1.0,0.5935624837875366,0.9388031959533691,-0.0790124163031578,0.31051456928253174,0.8303526043891907,3,0.6235163831528351
137,0.5110281218836134,1.0,0.599051296710968,0.8530623912811279,-0.07636106759309769,0.2611498236656189,0.8595640063285828,3,0.5374618947053872
138,0.7489927140836286,1.0000001192092896,0.6869891285896301,1.0902541875839233,0.004590492695569992,0.5609900951385498,0.6625782251358032,3,0.76447243461648
139,0.705410165736859,1.0,0.7251803278923035,0.9727375507354736,-0.06789211928844452,0.49760353565216064,0.7087993025779724,3,0.7454649848626973
140,0.7151715752922394,0.9999999403953552,0.6937891244888306,1.0308197736740112,0.020852932706475258,0.5114703178405762,0.6989489793777466,2,0.7321282732861066
141,0.6811867164866837,0.9999999403953552,0.8683363795280457,0.7844732999801636,0.04197567328810692,0.46401530504226685,0.732109785079956,3,0.7012232408378197
142,0.3926840996163146,1.0,0.7858445048332214,0.4996969997882843,-0.012815107591450214,0.15420067310333252,0.919673502445221,3,0.48604931535843937
143,-0.43845797529163033,1.0,0.7281531691551208,-0.6021507382392883,0.05289094150066376,0.19224536418914795,0.8987517356872559,-2,-0.438185855514745
144,-0.020027286008068995,1.0,0.628868579864502,-0.031846534460783005,0.004300246946513653,0.0004010200500488281,0.9997994899749756,3,-0.006167399333136224
145,0.15269440949196122,0.9999999403953552,0.641232430934906,0.2381264716386795,-0.029595443978905678,0.02331554889678955,0.9882735013961792,3,0.16237378687021187
146,-0.11038913884789049,1.0,0.5592079162597656,-0.19740267097949982,0.006972156465053558,0.012185752391815186,0.9938884377479553,3,-0.04778561807940341
147,-0.04583384421062356,0.9999999403953552,0.6244985461235046,-0.07339303940534592,0.007155308965593576,0.0021007657051086426,0.9989490509033203,1,-0.018929870614100786
148,-0.220172742027328,0.9999999403953552,0.8291508555412292,-0.2655400037765503,-0.0018675386672839522,0.04847598075866699,0.975460946559906,3,-0.19532174957828433
149,0.3723902804979093,0.9999999403953552,0.7538235187530518,0.4940018951892853,-0.054357342422008514,0.13867449760437012,0.9280762672424316,-1,0.38553971574887375
150,-0.041223853573398764,1.0,0.7563843131065369,-0.05450119823217392,0.0048299129121005535,0.0016993880271911621,0.9991499185562134,3,-0.009202154059025032
151,0.4183001849711441,1.0,0.6103242635726929,0.6853737235069275,0.0012784905266016722,0.17497503757476807,0.9083088636398315,3,0.4938374151867667
152,-0.41294578192061193,1.0,0.5153723955154419,-0.8012570738792419,0.060587283223867416,0.1705242395401001,0.9107555747032166,-2,-0.37430234606123086
153,-0.4988936258732504,1.0,0.5838788747787476,-0.8544471263885498,0.13157081604003906,0.24889475107192993,0.8666632771492004,-3,-0.49405618671372714
154,0.17758380820890743,1.0,0.1380920261144638,1.2859816551208496,-0.10320073366165161,0.0315360426902771,0.9841057062149048,0,0.17758380820890743
155,-0.1783188528766398,1.0,0.48287028074264526,-0.369289368391037,0.09046121686697006,0.031797587871551514,0.9839727878570557,2,-0.1231493610198283
156,0.753929200875625,1.0,0.6730774641036987,1.1201224327087402,-0.0453338660299778,0.5684093236923218,0.6569556593894958,3,0.7882212195090125
157,-0.4764063440736934,1.0,0.5920583605766296,-0.8046610951423645,0.07914266735315323,0.22696298360824585,0.8792252540588379,-1,-0.4512804442146401
158,-0.2831366603933861,1.0,0.7541308403015137,-0.37544766068458557,0.041203614324331284,0.08016645908355713,0.9590795040130615,1,-0.2702980155963218
159,-0.47593579506121886,0.9999999403953552,0.48066842555999756,-0.9901540875434875,0.278206467628479,0.22651487588882446,0.8794800639152527,-3,-0.4464070868223858
160,0.738972805709978,1.0,0.8873999118804932,0.8327392935752869,0.10452906042337418,0.5460808277130127,0.6737352609634399,3,0.7785401379149339
161,-0.2930983878216719,0.9999999403953552,0.6525670886039734,-0.4491467773914337,-0.004291911143809557,0.08590662479400635,0.9560823440551758,0,-0.2930983878216719
162,-0.27654179849678306,1.0,0.4318828880786896,-0.6403166055679321,0.07726212590932846,0.07647544145584106,0.9610019326210022,-3,-0.26708431345040645
163,-0.016909478898989562,1.0,0.06314238905906677,-0.26779916882514954,-0.024265892803668976,0.0002859830856323242,0.9998570084571838,-3,0.04023660637888426
164,0.0,0.0,0.06538242846727371,0.0,0.0,1.0,0.0,-3,0.0
165,0.0,0.0,8.269327372545376e-05,0.0,0.0,1.0,0.0,-3,0.0
166,0.005115834376034583,1.0,0.610973060131073,0.008373256772756577,-0.001195405493490398,2.6226043701171875e-05,0.9999868869781494,-3,0.07370144303493835
167,0.7649113731438996,1.0,0.5305603742599487,1.4417046308517456,-0.07881855219602585,0.5850894451141357,0.6441355347633362,2,0.7884245881018747
168,0.6193277872131306,1.0,0.4812542498111725,1.2869035005569458,-0.21595627069473267,0.3835669159889221,0.7851325273513794,-2,0.6330060899608354
169,0.7335864591659216,1.0000001192092896,0.3465656340122223,2.116731643676758,-0.05043627694249153,0.5381491184234619,0.6795961260795593,-2,0.7639258028079841
170,0.4281001844238438,1.0,0.13943322002887726,3.0702884197235107,-0.2634177803993225,0.18326979875564575,0.9037312865257263,-2,0.46705750363494775
171,0.0,0.0,8.294125291286036e-05,0.0,0.0,1.0,0.0,-3,0.0
172,0.5968673495195445,1.0,0.7081888914108276,0.8428081274032593,-0.002914794022217393,0.3562506437301636,0.8023399114608765,-3,0.6342447115989365
173,0.568151862859198,0.9999998807907104,0.36248835921287537,1.5673657655715942,0.08399029076099396,0.32279640436172485,0.8229238390922546,-1,0.5848382476351757
174,0.5937369391811339,1.0,0.5429375171661377,1.0935640335083008,0.02882978320121765,0.3525235056877136,0.8046592473983765,2,0.6182138061505219
175,0.24200161479124324,1.0,0.2938796579837799,0.8234717845916748,-0.25908052921295166,0.05856478214263916,0.9702758193016052,-2,0.3111714663299032
176,-0.012399403480250122,1.0,0.193144753575325,-0.06419746577739716,0.0070815738290548325,0.0001537799835205078,0.9999231100082397,-2,0.0021357834435740295
177,0.5459342632281703,1.0,0.4322133958339691,1.2631127834320068,-0.10862940549850464,0.29804426431655884,0.8378279805183411,3,0.5734439523602722
178,0.7181157335033614,0.9999999403953552,0.760330080986023,0.9444789290428162,-0.002544085495173931,0.5156902074813843,0.6959236860275269,3,0.7288272969640736
179,-0.4814719372154624,1.0,0.6320792436599731,-0.7617272138595581,0.11077749729156494,0.23181521892547607,0.8764615058898926,-1,-0.4809544465489681
180,0.8182945566343591,0.9999999403953552,0.9425826072692871,0.8681408762931824,-0.025943787768483162,0.6696059703826904,0.5747991800308228,3,0.8503373258718631
181,0.0030563469095019774,1.0,0.7684920430183411,0.003977070562541485,0.00012350213364697993,9.357929229736328e-06,0.9999952912330627,3,0.041470563467525014
182,0.6130830048255367,0.9999999403953552,0.7783379554748535,0.7876821756362915,0.01787761226296425,0.3758707642555237,0.7900184988975525,2,0.6358802919512216
183,0.7248576917725793,1.0,0.8627282977104187,0.8401923179626465,-0.055494289845228195,0.525418758392334,0.6888985633850098,-2,0.7408397515299566
184,-0.16144281619270962,1.0,0.8676495552062988,-0.18606916069984436,0.02166164666414261,0.02606379985809326,0.9868820309638977,-2,-0.1606725702026299
185,0.7527676514407446,1.0,0.8165967464447021,0.92183518409729,-0.0015612792922183871,0.566659152507782,0.6582862734794617,3,0.7601340555681271
186,-0.5889687074221427,1.0,0.44841957092285156,-1.3134320974349976,0.18341374397277832,0.34688419103622437,0.8081558346748352,-1,-0.5619165178538827
187,0.6498072128649538,0.9999999403953552,0.8399790525436401,0.7735993266105652,-8.399143553106114e-05,0.42224937677383423,0.7600991129875183,3,0.713437906253892
188,0.6673779199763573,1.0,0.750729501247406,0.8889725804328918,0.05685228481888771,0.44539326429367065,0.7447192072868347,3,0.7227955238594728
189,0.6319833192273049,1.0,0.517028272151947,1.2223379611968994,0.19213023781776428,0.399402916431427,0.7749819755554199,3,0.6875277986545529
190,0.6760947169026774,1.0,0.4352327883243561,1.553409457206726,0.06336554139852524,0.45710402727127075,0.7368147373199463,3,0.7133153361152964
191,0.24874763277640186,1.0,0.33475711941719055,0.7430689334869385,-0.01899830810725689,0.06187546253204346,0.9685682654380798,3,0.31762203989436716
192,-0.2817633812143287,1.0,0.6732101440429688,-0.41853705048561096,0.05789017677307129,0.07939046621322632,0.9594839811325073,1,-0.2669411232886571
193,-0.01007609027039609,1.0,0.5742567777633667,-0.017546316608786583,-0.0026554870419204235,0.00010144710540771484,0.9999492764472961,-2,0.019645082453608045
194,0.7376154857033882,1.0,0.8608388900756836,0.8568565249443054,0.09614574164152145,0.5440766215324402,0.6752209663391113,3,0.7780653092564245
195,0.1395942997516855,1.0,0.45554855465888977,0.30643123388290405,-0.05896420031785965,0.019486665725708008,0.9902088046073914,-3,0.1674643905093527
196,0.6940312948097699,1.0,0.6863628625869751,1.0111725330352783,0.01583769917488098,0.48167937994003296,0.7199448943138123,3,0.7249031688831349
197,-0.09607526298275541,1.0,0.5002309679985046,-0.19206181168556213,0.04255453497171402,0.009230315685272217,0.9953741431236267,-1,-0.09430100121561841
198,0.6926206181632384,1.0,0.5502763986587524,1.2586777210235596,-0.2111314833164215,0.47972333431243896,0.7213020920753479,3,0.7150968406622974
199,-0.07267843613456022,1.0,0.5868979692459106,-0.12383487075567245,0.015971846878528595,0.005282163619995117,0.9973554015159607,0,-0.07267843613456022
200,-0.002889772332104087,1.0,0.2818507254123688,-0.010252848267555237,0.00191882427316159,8.344650268554688e-06,0.9999958276748657,-2,0.025048113688119888
201,0.6585527250517144,1.0,0.5357727408409119,1.2291642427444458,-0.1325104832649231,0.43369168043136597,0.7525345683097839,0,0.6585527250517144
202,0.6787685067888548,1.0,0.5661861896514893,1.198843240737915,0.036953505128622055,0.46072667837142944,0.7343522906303406,3,0.7268891093237652
203,-0.5277839084397096,1.0,0.6419238448143005,-0.8221908211708069,0.00048230108222924173,0.27855581045150757,0.8493787050247192,-3,-0.5105631861159716
204,0.7370163673479433,1.0,0.6075193285942078,1.213157057762146,0.11019939929246902,0.5431931018829346,0.6758748888969421,3,0.7570634471902167
205,0.5142134962877756,1.0,0.7699583172798157,0.6678459048271179,0.03124685399234295,0.26441556215286255,0.8576622009277344,3,0.5751546894935547
206,0.7300218815341424,1.0,0.5984963178634644,1.2197599411010742,0.12011308968067169,0.532931923866272,0.6834237575531006,2,0.7818986100271877
207,0.6458607706329884,1.0,0.43057018518447876,1.500012755393982,0.025992337614297867,0.41713613271713257,0.7634552121162415,2,0.6536371104750283
208,-0.12263320177027694,1.0,0.6338646411895752,-0.1934690624475479,0.02149239368736744,0.015038907527923584,0.992452085018158,3,-0.08002979328987389
209,0.7333900953362388,0.9999999403953552,0.724237322807312,1.012637734413147,0.03250041604042053,0.5378610491752625,0.6798080205917358,3,0.7938088372964852
210,0.08380145641762822,1.0,0.7994869351387024,0.10481905192136765,0.0005410048761405051,0.0070226192474365234,0.9964824914932251,1,0.09317013641622497
211,-0.47767433509851326,1.0,0.32141390442848206,-1.4861657619476318,-0.22215788066387177,0.22817277908325195,0.8785369992256165,-2,-0.45996899787303486
212,-0.18228906553676452,1.0,0.4077010452747345,-0.4471145570278168,-0.050235405564308167,0.03322935104370117,0.9832450151443481,-1,-0.17427224785057482
213,0.5537508441607428,1.0,0.6544202566146851,0.8461701273918152,0.06425140798091888,0.30663996934890747,0.8326824307441711,0,0.5537508441607428
214,0.14909413307987354,1.0,0.4737001657485962,0.31474369764328003,-0.018841790035367012,0.022229015827178955,0.9888230562210083,1,0.15912734738317835
215,0.11098073691280977,1.0000001192092896,0.5734049081802368,0.19354690611362457,-0.0012500545708462596,0.01231682300567627,0.993822455406189,0,0.11098073691280977
216,0.7795969528605773,1.0,0.8428104519844055,0.9249967932701111,0.0899333655834198,0.6077713966369629,0.6262815594673157,3,0.8515313413672044
217,0.806260314724923,1.0,0.5338548421859741,1.5102612972259521,0.2020171880722046,0.6500557065010071,0.5915609002113342,3,0.8546510173567538
218,0.0,0.0,0.576761782169342,0.0,0.0,1.0,0.0,-3,0.0
219,0.8073976637298729,1.0,0.6042277216911316,1.3362473249435425,0.14436693489551544,0.6518909931182861,0.5900076627731323,2,0.8497522744442393
220,0.8166897408466017,1.0,0.5945919752120972,1.3735296726226807,0.16979996860027313,0.6669821739196777,0.5770769715309143,3,0.8566832684590234
221,0.32308393907477473,1.0,0.731048583984375,0.4419459104537964,-0.035032521933317184,0.10438323020935059,0.9463703036308289,3,0.3727809331825114
222,0.566894864468257,1.0,0.7278668284416199,0.7788442373275757,-0.015090410597622395,0.32136982679367065,0.8237901926040649,3,0.5907794657596065
223,0.5696148465442172,1.0,0.6802780628204346,0.8373264670372009,-0.023707401007413864,0.32446110248565674,0.8219117522239685,3,0.6323051026774146
224,0.5619332557781143,1.0,0.7169806957244873,0.7837494611740112,-0.04200829565525055,0.3157690763473511,0.8271825313568115,2,0.5854660260498532
225,0.2900598233336224,1.0,0.6684557199478149,0.4339252710342407,0.008471302688121796,0.08413463830947876,0.9570085406303406,0,0.2900598233336224
226,-0.03081650437953522,1.0,0.6903786659240723,-0.044637102633714676,-0.0002936618693638593,0.0009496212005615234,0.9995250701904297,-2,0.0402693559275186
227,0.4757087762500292,1.0,0.5313732624053955,0.8952440023422241,-0.07533172518014908,0.22629880905151367,0.87960284948349,1,0.48752937993623097
228,0.4900670469838189,1.0,0.470079630613327,1.042519211769104,-0.008526626043021679,0.24016571044921875,0.871684730052948,3,0.5238311845898077
229,0.010840521422629158,1.0,0.44171249866485596,0.024542031809687614,-0.0006653624586760998,0.0001175999641418457,0.9999411702156067,3,0.10596621376310356
230,0.6971470731525522,1.0,0.7333608269691467,0.9506193995475769,-0.007440263871103525,0.4860140085220337,0.7169281840324402,3,0.7187520731827568
231,0.560267747202199,1.0,0.8092458248138428,0.6923332214355469,-0.041054029017686844,0.3138999342918396,0.828311562538147,3,0.6142896547593862
232,0.7088125520252159,1.0,0.8471624255180359,0.8366903066635132,0.10285566002130508,0.5024151802062988,0.7053968906402588,3,0.7598466662971373
233,0.09128678046255785,1.0,0.6875482797622681,0.13277144730091095,-0.002449843566864729,0.008333444595336914,0.9958245754241943,0,0.09128678046255785
234,-0.1415378420714416,1.0,0.6782248020172119,-0.20868869125843048,-0.009405053220689297,0.020032882690429688,0.9899328947067261,-3,-0.13373923768998686
235,0.7217042367404612,1.0,0.29452136158943176,2.4504306316375732,0.1965634971857071,0.5208569765090942,0.692201554775238,3,0.7445026332436556
236,-0.6063231864081646,1.0,0.5474078059196472,-1.1076260805130005,-0.0949334129691124,0.3676277995109558,0.7952183485031128,1,-0.5900709204703218
237,0.2767695907580152,1.0,0.3454746603965759,0.8011285066604614,0.1039314717054367,0.07660144567489624,0.9609363079071045,3,0.299262697696216
238,0.5883133054896518,1.0,0.46018490195274353,1.278428077697754,0.059966545552015305,0.34611260890960693,0.808633029460907,-1,0.5915671541349153
239,0.8591280020737677,1.0,0.5046877264976501,1.702296257019043,0.21510295569896698,0.7381008863449097,0.5117607712745667,3,0.8835709949565492
240,-0.39579278075751295,1.0,0.26024219393730164,-1.5208631753921509,0.06451563537120819,0.15665191411972046,0.9183398485183716,-1,-0.3797768947515814
241,0.5956883571368504,1.0,0.6786324977874756,0.8777775764465332,-0.002924188505858183,0.3548446297645569,0.8032156229019165,3,0.6156288973068712
242,0.7643176521193653,1.0,0.8279539346694946,0.9231403470039368,0.06621571630239487,0.5841814279556274,0.6448399424552917,3,0.801236677276332
243,-0.11267431563232282,1.0,0.09819682687520981,-1.1474334001541138,0.11697763204574585,0.012695491313934326,0.9936319589614868,2,-0.04868006233079289
244,0.0,0.0,0.045919355005025864,0.0,0.0,1.0,0.0,-3,0.0
245,0.0,0.0,8.280545443994924e-05,0.0,0.0,1.0,0.0,-3,0.0
246,0.5130615323961476,0.9999999403953552,0.6788991093635559,0.7557256817817688,0.008413625881075859,0.26323211193084717,0.8583518862724304,3,0.5384918988810911
247,0.7582553397526028,1.0,0.7324541211128235,1.0352256298065186,0.14977578818798065,0.574951171875,0.6519576907157898,3,0.7818081335990656
248,0.5844220720841945,1.0,0.5320211052894592,1.098494052886963,-0.019299624487757683,0.3415491580963135,0.8114498257637024,3,0.6218096392137674
249,0.6026072300940093,1.0,0.6054985523223877,0.9952248930931091,-0.05656827241182327,0.3631354570388794,0.7980379462242126,3,0.6830888994269375
250,0.4828350041643155,1.0,0.6602520942687988,0.7312888503074646,-0.015042876824736595,0.23312968015670776,0.8757113218307495,2,0.4990688178093405
251,-0.33832205760094963,1.0,0.11909858137369156,-2.8406894207000732,-0.2351187914609909,0.11446183919906616,0.9410304427146912,3,-0.30191244063382533
252,0.6957553577873044,0.9999999403953552,0.7951405048370361,0.875009298324585,0.15861746668815613,0.48407554626464844,0.7182788848876953,3,0.7266201655704849
253,0.4573202926214676,1.0,0.405428409576416,1.1279926300048828,-0.02542608231306076,0.20914191007614136,0.8893020749092102,3,0.47596124840237297
254,0.5273200069864513,1.0,0.42340150475502014,1.2454372644424438,-0.00497113773599267,0.27806639671325684,0.8496667742729187,2,0.5568523167621007
255,0.09271973940871928,1.0,0.13120757043361664,0.7066645622253418,-0.059268102049827576,0.00859689712524414,0.995692253112793,-2,0.09757248131825637
256,0.0,0.0,0.062093958258628845,0.0,0.0,1.0,0.0,-3,0.0
257,0.7711936007402154,1.0,0.6682380437850952,1.1540701389312744,0.15355969965457916,0.594739556312561,0.6366006731987,3,0.8091854521763419
258,0.39544344621877764,1.0000001192092896,0.7874413728713989,0.5021877884864807,-0.01862160861492157,0.15637564659118652,0.9184902310371399,-1,0.4003531227151182
259,0.7364543927504874,1.0,0.726183295249939,1.014143943786621,0.04805940017104149,0.5423650741577148,0.6764872074127197,3,0.7780492149789067
260,0.5900008500265055,1.0,0.5249512195587158,1.1239155530929565,0.07574884593486786,0.34810101985931396,0.8074026107788086,0,0.5900008500265055
261,0.7261826168975871,1.0,0.383809357881546,1.8920400142669678,0.33728644251823425,0.5273411273956299,0.6875019073486328,-3,0.7687150627831704
262,0.4813787322437489,1.0,0.3282022476196289,1.466713786125183,0.07676519453525543,0.23172545433044434,0.8765127658843994,-1,0.4886334984008851
263,0.6997037257535335,0.9999999403953552,0.6485574841499329,1.0788614749908447,0.20279282331466675,0.489585280418396,0.7144331932067871,3,0.727976751755813
264,-0.1776909478532932,1.0,0.22851555049419403,-0.7775880098342896,0.06591452658176422,0.03157401084899902,0.9840863943099976,-1,-0.15508155330802925
265,0.6879220423756113,1.0,0.6949849128723145,0.9898373484611511,0.09934422373771667,0.47323673963546753,0.7257845997810364,3,0.7147209228452795
266,0.6768261176229958,0.9999999403953552,0.4638460576534271,1.4591610431671143,0.030179159715771675,0.4580935835838318,0.7361429333686829,1,0.6947043439596243
267,0.0,0.0,8.053877536440268e-05,0.0,0.0,1.0,0.0,-3,0.0
268,0.04705761764790915,1.0,0.09639313071966171,0.4881843328475952,0.04577222838997841,0.002214491367340088,0.9988921880722046,0,0.04705761764790915
269,0.0,0.0,6.948606460355222e-05,0.0,0.0,1.0,0.0,-3,0.0
270,0.0,0.0,7.678758265683427e-05,0.0,0.0,1.0,0.0,-3,0.0
271,0.0,0.0,8.327390241902322e-05,0.0,0.0,1.0,0.0,-3,0.0
272,0.0,0.0,8.31314901006408e-05,0.0,0.0,1.0,0.0,-3,0.0
273,0.0,0.0,8.31534925964661e-05,0.0,0.0,1.0,0.0,-3,0.0
274,0.8480301182932546,1.0,0.6936578750610352,1.2225481271743774,0.1868852972984314,0.7191550731658936,0.5299480557441711,3,0.8889888763593796
275,0.7551442549256623,1.0,0.7832833528518677,0.9640754461288452,0.03137034550309181,0.5702428817749023,0.6555586457252502,3,0.8093254299065497
276,0.6930279255726617,1.0,0.7910829782485962,0.8760496377944946,0.13590604066848755,0.48028773069381714,0.7209107279777527,3,0.7543073362335346
277,0.21665343775098087,1.0,0.5802541971206665,0.3733767867088318,0.05248279497027397,0.04693871736526489,0.976248562335968,-3,0.2268749191885613
278,-0.5175261120648217,1.0,0.29137611389160156,-1.7761446237564087,-0.02583184465765953,0.26783329248428345,0.8556674122810364,-1,-0.5147333401052195
279,0.5913376683687581,1.0,0.580065131187439,1.0194332599639893,-0.03676806390285492,0.34968018531799316,0.8064241409301758,3,0.634144953403048
280,0.05094673577433032,1.0,0.6370123028755188,0.07997763156890869,0.0023703016340732574,0.0025956034660339355,0.9987013339996338,-2,0.09318263842560327
281,0.009946812027787173,1.0,0.674885630607605,0.014738515019416809,0.0007860238547436893,9.888410568237305e-05,0.9999505281448364,-1,0.02984257963963755
282,0.09085684106476667,1.0,0.5868322849273682,0.15482591092586517,-0.035002727061510086,0.0082550048828125,0.9958639144897461,1,0.14332904281988668
283,0.42782231758981387,1.0,0.6695420742034912,0.6389774680137634,0.06829949468374252,0.18303191661834717,0.9038628935813904,-3,0.4827389703374007
284,0.6045049329777168,1.0,0.730824887752533,0.827154278755188,0.0487360842525959,0.3654261827468872,0.796601414680481,-1,0.6200149325399164
285,0.4641912665164094,1.0,0.5993332862854004,0.7745127081871033,-0.16103996336460114,0.21547359228134155,0.8857349753379822,-3,0.48726774731623934
286,0.7268157006831059,1.0,0.2835160493850708,2.5635788440704346,-0.00162286008708179,0.5282610654830933,0.68683260679245,0,0.7268157006831059
287,-0.09804494509652367,1.0,0.6285315752029419,-0.15599048137664795,0.03906732052564621,0.009612739086151123,0.9951820373535156,0,-0.09804494509652367
288,0.6546571766645776,1.0,0.6080278158187866,1.0766894817352295,-0.1822698712348938,0.4285759925842285,0.7559259533882141,3,0.6865207496807291
289,0.0,0.0,8.145353058353066e-05,0.0,0.0,1.0,0.0,-3,0.0
290,0.5416234827107987,1.0,0.2804447412490845,1.9313018321990967,-0.047510821372270584,0.2933560609817505,0.8406211733818054,3,0.5663253845728106
291,0.11697677254113428,1.0,0.2906726002693176,0.4024348258972168,-0.08881552517414093,0.013683557510375977,0.9931346774101257,-3,0.21982513545805824
292,0.3808755917235931,1.0,0.27214014530181885,1.3995567560195923,0.1253250390291214,0.14506620168685913,0.9246262907981873,0,0.3808755917235931
293,-0.21532148463143763,1.0,0.4828084111213684,-0.4459770917892456,0.05580611899495125,0.04636329412460327,0.9765432476997375,-1,-0.2151222608832722
294,0.5640791113266895,1.0,0.5369771122932434,1.0504714250564575,-0.1051432192325592,0.3181852698326111,0.8257207274436951,-1,0.5745471823496743
295,0.7000282879083773,1.0,0.6535849571228027,1.0710593461990356,0.20108769834041595,0.490039587020874,0.7141151428222656,3,0.7139467753636197
296,0.7532193063994549,0.9999998807907104,0.8523705005645752,0.8836759328842163,0.05671161040663719,0.5673392415046692,0.657769501209259,3,0.7829028507912356
297,0.0,0.0,8.068492024904117e-05,0.0,0.0,1.0,0.0,-3,0.0
298,0.2866583004359051,1.0,0.32215216755867004,0.8898226022720337,-0.17818929255008698,0.08217298984527588,0.9580329060554504,-2,0.3368974585174434
299,-0.6186583422014685,0.9999999403953552,0.3781123459339142,-1.6361759901046753,0.387679785490036,0.3827381134033203,0.7856602072715759,-1,-0.6179060187228104
300,0.08880468476537112,1.0,0.5574122667312622,0.15931598842144012,-0.0220705084502697,0.007886290550231934,0.9960490465164185,-1,0.09749983506767493
301,0.0,0.0,4.684179293690249e-05,0.0,0.0,1.0,0.0,-3,0.0
302,0.0,0.0,8.27569019747898e-05,0.0,0.0,1.0,0.0,-3,0.0
303,-0.43226671114788073,1.0,0.6933408379554749,-0.6234548687934875,0.05427073687314987,0.1868545413017273,0.9017457962036133,3,-0.4163900095695656
304,0.2563917520474348,1.0,0.3889782428741455,0.6591416597366333,0.05515070632100105,0.06573665142059326,0.9665729999542236,3,0.2942360407977961
305,0.24666101954795028,1.0,0.2972574234008789,0.8297892808914185,0.18200087547302246,0.06084156036376953,0.9691018462181091,3,0.29602744559134214
306,-0.486733758711952,1.0,0.3717937767505646,-1.3091498613357544,0.27991756796836853,0.2369096875190735,0.8735504150390625,-1,-0.46255796220633555
307,0.47404523112651736,1.0,0.40851813554763794,1.1604018211364746,-0.08164840191602707,0.2247188687324524,0.8805004954338074,1,0.5156254666450645
308,0.7044650155504858,1.0,0.6739380359649658,1.045296311378479,-0.04987179487943649,0.49627095460891724,0.7097387313842773,-3,0.7375305514636568
309,-0.33752175691472197,1.0,0.35211703181266785,-0.958549976348877,0.122004434466362,0.11392086744308472,0.9413177371025085,3,-0.3374914055552078
310,0.0,0.0,8.32757432362996e-05,0.0,0.0,1.0,0.0,-3,0.0
311,-0.44113816793229416,1.0,0.17365173995494843,-2.540361166000366,-0.2701444625854492,0.1946028470993042,0.8974392414093018,0,-0.44113816793229416
312,-0.526018262570878,0.9999999403953552,0.288760244846344,-1.8216437101364136,0.03651703521609306,0.2766951322555542,0.8504733443260193,3,-0.5011691651181209
313,0.5757105343690666,1.0,0.13354700803756714,4.310920715332031,-0.5675804018974304,0.33144259452819824,0.8176535964012146,3,0.6682444163092571
314,-0.04932981446318851,1.0,0.13821467757225037,-0.3569072186946869,-0.04382604733109474,0.0024334192276000977,0.9987825751304626,3,-0.02385110768658413
315,-0.44252351364953085,1.0,0.34957355260849,-1.2658952474594116,-0.0691581517457962,0.19582700729370117,0.8967569470405579,0,-0.44252351364953085
316,0.6820715476932522,1.0,0.4573679566383362,1.4912971258163452,0.01210775412619114,0.4652215838432312,0.7312854528427124,2,0.7257714901720181
317,-0.3304455943712704,1.0,0.6961616277694702,-0.47466790676116943,0.006546004209667444,0.10919433832168579,0.9438250064849854,-1,-0.3079169272722029
318,-0.5894188906872908,0.9999999403953552,0.6532823443412781,-0.902242124080658,0.05450423061847687,0.3474145531654358,0.8078276515007019,-2,-0.5768124931605325
319,0.758801890067294,1.0,0.7018941640853882,1.0810773372650146,0.00587491737678647,0.5757802724838257,0.651321530342102,2,0.7667175560748524
320,0.7466625231294681,1.0,0.7801743745803833,0.9570456147193909,0.036491550505161285,0.5575049519538879,0.6652030348777771,2,0.7766544780167384
321,0.7641812984898733,1.0,0.8962433338165283,0.8526493310928345,-0.014715681783854961,0.5839731097221375,0.6450014710426331,2,0.798255117244503
322,-0.12861686286941879,0.9999999403953552,0.6539930701255798,-0.19666394591331482,0.022120758891105652,0.016542255878448486,0.9916943907737732,2,-0.09747939634561816
323,0.6161269249098765,1.0,0.7068108916282654,0.8716998100280762,0.06201182305812836,0.37961238622665405,0.7876468896865845,2,0.656817283120134
324,0.44850945300011213,1.0,0.6074163317680359,0.7383889555931091,-0.13637953996658325,0.20116066932678223,0.8937781453132629,2,0.5028430040106949
325,0.720022182770689,0.9999999403953552,0.6755508184432983,1.0658297538757324,-0.14440804719924927,0.5184319019317627,0.6939511299133301,2,0.7814860025496939
326,0.5104495153893057,0.9999999403953552,0.5182750225067139,0.9849008917808533,-0.0029965629801154137,0.2605586051940918,0.8599078059196472,3,0.5309155562365838
327,0.6994933145674972,1.0,0.6787577271461487,1.03054940700531,0.09533706307411194,0.4892909526824951,0.7146391272544861,3,0.7337017686794877
328,0.5682225606091753,1.0,0.6982896327972412,0.8137348294258118,0.026156628504395485,0.32287687063217163,0.822874903678894,3,0.6338007030962096
329,0.6215474269517541,0.9999999403953552,0.7783268094062805,0.7985686659812927,0.09154095500707626,0.38632118701934814,0.7833766341209412,3,0.6558260751500067
330,0.49633894513225346,1.0,0.6654117107391357,0.7459125518798828,0.010308749973773956,0.24635231494903564,0.8681288361549377,3,0.5442374277958306
331,-0.09107983491046892,1.0,0.6609964966773987,-0.137791708111763,0.01978154666721821,0.008295595645904541,0.9958435893058777,-1,-0.08751840724421164
332,0.09814902957224857,1.0,0.44515570998191833,0.2204824537038803,-0.03020983561873436,0.009633302688598633,0.9951716661453247,-2,0.17760661133993424
333,0.7276127073180714,1.0,0.4024166166782379,1.8081079721450806,-0.0298236683011055,0.5294202566146851,0.6859881281852722,1,0.7451521881321342
334,0.1954270262767633,0.9999999403953552,0.1874765306711197,1.0424078702926636,-0.10595308244228363,0.03819173574447632,0.9807182550430298,0,0.1954270262767633
335,0.6779526480617868,1.0,0.5474262237548828,1.2384364604949951,-0.13183251023292542,0.45961976051330566,0.735105574131012,2,0.6821228087059379
336,0.02444636626409014,1.0,0.6720834374427795,0.03637400642037392,-0.0025699168909341097,0.0005975961685180664,0.9997011423110962,0,0.02444636626409014
337,0.5453762984144965,1.0,0.5684570670127869,0.9593976140022278,-0.10598359256982803,0.29743534326553345,0.8381913304328918,-3,0.5858731872063392
338,0.2583437058590207,1.0,0.5938050746917725,0.4350648522377014,-0.05073755234479904,0.0667414665222168,0.9660531282424927,1,0.27551720357712856
339,0.7113690675172396,1.0,0.347693532705307,2.0459656715393066,-0.06444964557886124,0.506045937538147,0.7028186321258545,3,0.7525673588621827
340,0.7782081208191082,0.9999999403953552,0.6109374165534973,1.2737934589385986,0.11582495272159576,0.6056078672409058,0.6280064582824707,3,0.8204709108929903
341,0.5073238779343285,0.9999999403953552,0.34132272005081177,1.48634672164917,0.15085585415363312,0.2573774456977844,0.8617555499076843,2,0.5386662903643269
342,-0.2948137115504344,1.0,0.4860874116420746,-0.6065034866333008,-0.06947788596153259,0.08691513538360596,0.9555547833442688,-3,-0.28890155374114873
343,0.6671212693981484,1.0,0.12516245245933533,5.330042839050293,0.8056617975234985,0.44505077600479126,0.7449491620063782,-2,0.6778614839721896
344,0.0,0.0,8.261155744548887e-05,0.0,0.0,1.0,0.0,-3,0.0
345,0.0,0.0,7.932994776638225e-05,0.0,0.0,1.0,0.0,-3,0.0
346,0.6762653343148604,1.0,0.6582177877426147,1.027418851852417,-0.09417378157377243,0.45733481645584106,0.7366580963134766,-3,0.710573631694725
347,-0.40255644762290366,1.0,0.5715490579605103,-0.7043253779411316,0.07297583669424057,0.16205155849456787,0.9153952598571777,2,-0.3993887056541549
348,0.1630338155333194,1.0,0.34424087405204773,0.47360387444496155,0.016376420855522156,0.026580095291137695,0.9866204261779785,-2,0.1931282918411569
349,-0.08143073785286709,1.0,0.10292043536901474,-0.7912008762359619,-0.005485422443598509,0.006630957126617432,0.9966790080070496,3,0.06073506547660734
350,-0.1516320066982207,1.0,0.21386079490184784,-0.709022045135498,-0.0068124206736683846,0.02299213409423828,0.9884370565414429,-1,-0.09132233986783449
351,0.0,0.0,8.329057163791731e-05,0.0,0.0,1.0,0.0,-3,0.0
352,0.6525191584045503,0.9999999403953552,0.6117611527442932,1.0666240453720093,-0.1084347739815712,0.42578113079071045,0.7577723264694214,0,0.6525191584045503
353,-0.10310748967838605,0.9999999403953552,0.659752607345581,-0.15628203749656677,0.030126262456178665,0.010631144046783447,0.9946702122688293,-3,-0.044053608679188214
354,0.4345395363478382,1.0,0.3764190971851349,1.154403567314148,-0.05745195224881172,0.18882465362548828,0.9006527066230774,2,0.48262945695347
355,-0.1785875157307706,1.0,0.15094760060310364,-1.1831094026565552,0.2042243331670761,0.03189349174499512,0.9839240908622742,3,-0.15503209273004032
356,0.7207967629963782,1.0,0.18646129965782166,3.865664005279541,0.43790677189826965,0.5195479989051819,0.6931464672088623,2,0.7308329862376625
357,0.34973960209922467,1.0,0.3195599913597107,1.0944411754608154,-0.10086609423160553,0.12231767177581787,0.9368470311164856,1,0.36901924833752375
358,0.6581560454288167,1.0,0.5803589820861816,1.134049892425537,-0.06738550961017609,0.4331693649291992,0.7528815269470215,1,0.671000101013703
359,-0.10238843170683128,0.9999998807907104,0.46163123846054077,-0.22179700434207916,0.035857800394296646,0.010483324527740479,0.9947445392608643,1,-0.09739668296590193
360,0.0,0.0,0.1312125027179718,0.0,0.0,1.0,0.0,-3,0.0
361,-0.33491337929747333,1.0,0.16375482082366943,-2.045212507247925,-0.0759260430932045,0.1121668815612793,0.9422489404678345,-1,-0.3321036925292163
362,-0.13764361365885558,1.0,0.11248940974473953,-1.223613977432251,-0.05376878008246422,0.018945753574371338,0.9904818534851074,3,-0.1299345716211868
363,0.6976979457647011,0.9999999403953552,0.2341720163822174,2.9794247150421143,0.17111925780773163,0.48678237199783325,0.7163920998573303,3,0.7448884752444599
364,-0.4587614135527664,0.9999998807907104,0.23967140913009644,-1.9141265153884888,0.1425415426492691,0.21046191453933716,0.8885595798492432,2,-0.42984912001428005
365,0.4662475743073521,0.9999999403953552,0.29315510392189026,1.5904468297958374,0.07056901603937149,0.2173866629600525,0.8846543431282043,0,0.4662475743073521
366,0.6816246916829346,0.9999999403953552,0.5177882313728333,1.3164159059524536,0.09126080572605133,0.4646121859550476,0.7317020297050476,3,0.7317418894111641
367,0.5238177859568004,1.0,0.6151959896087646,0.8514648675918579,-0.16556480526924133,0.27438515424728394,0.8518303036689758,-2,0.5570985234890319
368,0.3084299490456626,1.0,0.27916812896728516,1.1048179864883423,-0.09033697843551636,0.09512901306152344,0.9512470960617065,1,0.3953970790258184
369,0.5025431863369132,1.0,0.20699188113212585,2.427839994430542,0.03246544674038887,0.2525496482849121,0.8645521402359009,-2,0.5386038395460646
370,-0.6263638712303695,1.0,0.6112191081047058,-1.024777889251709,-0.0005791566800326109,0.39233171939849854,0.7795308232307434,-1,-0.6124080461730783
371,0.3510199892412056,1.0,0.5677999258041382,0.6182106733322144,-0.1081104427576065,0.12321507930755615,0.936367928981781,-1,0.3790921149030441
372,-0.5622155917348932,1.0,0.3820258677005768,-1.4716688394546509,0.3126634657382965,0.31608641147613525,0.8269906640052795,-1,-0.5571677606582908
373,0.7045596020726627,1.0,0.28211966156959534,2.4973785877227783,0.37521398067474365,0.496404230594635,0.7096447944641113,-2,0.7251435998149014
374,-0.534212448907494,0.9999998807907104,0.37758806347846985,-1.4148021936416626,0.29171860218048096,0.28538286685943604,0.8453503251075745,-2,-0.526620220677942
375,-0.029557125919835562,1.0,0.25041690468788147,-0.11803166568279266,0.02091667801141739,0.0008735060691833496,0.9995631575584412,0,-0.029557125919835562
376,0.049863937594391144,1.0,0.5175184011459351,0.09635201841592789,-0.0026995509397238493,0.0024864673614501953,0.9987560510635376,1,0.08344307301914779
377,0.28364062461669864,1.0,0.6342176795005798,0.44722914695739746,-0.08672776818275452,0.0804520845413208,0.9589306116104126,-2,0.3333351073651941
378,-0.3535321134059479,1.0,0.55954509973526,-0.631820559501648,0.16027215123176575,0.12498492002487183,0.935422420501709,-1,-0.2676443259125884
379,0.22001453135509813,1.0,0.5239743590354919,0.41989561915397644,-0.025707853958010674,0.04840642213821411,0.9754965901374817,3,0.272555299000075
380,-0.40768888823187954,1.0,0.28312304615974426,-1.43997061252594,0.11968502402305603,0.16621023416519165,0.9131208658218384,0,-0.40768888823187954
381,-0.5909875690076342,1.0,0.4981248676776886,-1.1864244937896729,0.2434731125831604,0.3492663502693176,0.8066806197166443,-2,-0.5728182072965489
382,-0.12871226791950416,1.0,0.25613701343536377,-0.5025132894515991,0.03869824856519699,0.016566932201385498,0.9916819334030151,-1,-0.07699585350961688
383,0.4444682414846697,1.0,0.18165160715579987,2.44681715965271,0.45573756098747253,0.19755202531814575,0.8957946300506592,3,0.4806305121005335
384,0.69176417191244,1.0,0.5189427137374878,1.3330260515213013,0.14122185111045837,0.4785376787185669,0.7221235036849976,2,0.7297664799413035
385,0.8682758176599861,1.0,0.3547487258911133,2.447579860687256,0.27714794874191284,0.7539029121398926,0.49608173966407776,2,0.8861766348012923
386,-0.5735235205265586,1.0000001192092896,0.4711804687976837,-1.2172057628631592,0.1984468698501587,0.3289293050765991,0.8191890120506287,-3,-0.5626623724928058
387,0.6671763427858393,1.0,0.3444926142692566,1.9366928339004517,-0.15808343887329102,0.4451243281364441,0.7448998093605042,-3,0.7010612265907235
388,-0.36578977863129986,1.0,0.5862024426460266,-0.6239990592002869,-0.060340698808431625,0.13380217552185059,0.930697500705719,-3,-0.29407711632232
389,0.36917709159794937,0.9999999403953552,0.40199124813079834,0.9183710217475891,-0.12296801805496216,0.13629180192947388,0.9293590784072876,-2,0.4312835184944386
390,0.7364322290473437,1.0,0.48042207956314087,1.532886028289795,-0.14390528202056885,0.5423324704170227,0.676511287689209,1,0.7509151044440645
391,0.4130418043849328,1.0,0.5033379197120667,0.8206053972244263,-0.05145787447690964,0.17060351371765137,0.9107120633125305,-2,0.44890666074690905
392,-0.3139736643578494,1.0,0.5022125840187073,-0.6251807808876038,-0.03224003687500954,0.0985795259475708,0.9494316577911377,-2,-0.2652987490587366
393,0.5216250968969574,1.0,0.40455299615859985,1.2893863916397095,-0.10829450190067291,0.2720928192138672,0.8531747460365295,3,0.528404953064064
394,0.7033393172581481,1.0,0.43147969245910645,1.630063533782959,0.14710697531700134,0.49468618631362915,0.7108542919158936,1,0.708100398917784
395,0.7821557973312324,1.0,0.5688732266426086,1.3749210834503174,0.10068052262067795,0.6117677092552185,0.6230828762054443,3,0.8091160951719945
396,0.7421113739210784,1.0,0.4829774498939514,1.5365341901779175,0.13432206213474274,0.5507293343544006,0.6702765822410583,-1,0.7562581513363613
397,0.20386794164388303,1.0,0.251520037651062,0.8105435967445374,0.07333430647850037,0.04156213998794556,0.9789984226226807,-1,0.24461451894899722
398,0.7447251043927542,1.0,0.5913911461830139,1.2592767477035522,-0.12922847270965576,0.5546154379844666,0.667371392250061,0,0.7447251043927542
399,-0.08280025011386898,1.0,0.49572744965553284,-0.1670277714729309,0.01342463307082653,0.0068558454513549805,0.9965661764144897,-2,-0.02697593988512968
400,0.5680126516491875,1.0,0.4929942190647125,1.1521689891815186,-0.10306250303983688,0.32263827323913574,0.8230198621749878,-2,0.6247222914380628
401,-0.34501832456035875,1.0,0.5852807760238647,-0.5894919633865356,0.04499853774905205,0.11903756856918335,0.9385960102081299,0,-0.34501832456035875
402,0.6708584881169704,1.0,0.5491896867752075,1.221542477607727,-0.2768367826938629,0.45005106925964355,0.7415854334831238,3,0.6852342793693781
403,-0.6223762976797127,1.0,0.5103623270988464,-1.2194793224334717,0.006879827007651329,0.3873522877693176,0.7827181816101074,0,-0.6223762976797127
404,0.0,0.0,8.203517063520849e-05,0.0,0.0,1.0,0.0,-3,0.0
405,0.7077664122268366,1.0,0.44500067830085754,1.5904839038848877,-0.22481106221675873,0.5009332895278931,0.7064465284347534,0,0.7077664122268366
406,0.08751278308203345,0.9999999403953552,0.20286956429481506,0.4313746690750122,-0.07897329330444336,0.00765836238861084,0.9961634874343872,3,0.17289657490075586
407,-0.38143433223962886,1.0,0.0944892093539238,-4.036803245544434,-0.018617887049913406,0.1454920768737793,0.9243960380554199,0,-0.38143433223962886
408,-0.35784230510329196,1.0,0.20286309719085693,-1.7639596462249756,0.21653908491134644,0.1280510425567627,0.9337821006774902,-1,-0.35168854782830017
409,0.0,0.0,8.167672785930336e-05,0.0,0.0,1.0,0.0,-3,0.0
410,0.0,0.0,8.157449337886646e-05,0.0,0.0,1.0,0.0,-3,0.0
411,0.0,0.0,8.314209117088467e-05,0.0,0.0,1.0,0.0,-3,0.0
412,0.0,0.0,8.281213376903906e-05,0.0,0.0,1.0,0.0,-3,0.0
413,0.0,0.0,8.188350329874083e-05,0.0,0.0,1.0,0.0,-3,0.0
414,0.0,0.0,7.633938366780058e-05,0.0,0.0,1.0,0.0,-3,0.0
415,0.0,0.0,8.275593427242711e-05,0.0,0.0,1.0,0.0,-3,0.0
416,0.0,0.0,8.180026634363458e-05,0.0,0.0,1.0,0.0,-3,0.0
417,0.0,0.0,8.088165486697108e-05,0.0,0.0,1.0,0.0,-3,0.0
418,0.0,0.0,8.10025812825188e-05,0.0,0.0,1.0,0.0,-3,0.0
419,0.0,0.0,1.7820275388658047e-05,0.0,0.0,1.0,0.0,-3,0.0
420,0.0,0.0,8.314455772051588e-05,0.0,0.0,1.0,0.0,-3,0.0
421,0.0,0.0,4.23617493652273e-05,0.0,0.0,1.0,0.0,-3,0.0
422,0.0,0.0,8.224843622883782e-05,0.0,0.0,1.0,0.0,-3,0.0
423,0.0,0.0,4.121126403333619e-05,0.0,0.0,1.0,0.0,-3,0.0
